Case ID,Segment Name,Date-time,Src Name,Concept ID,Concept Name,Value,Unit Concept ID,Unit Concept Name
037,03700001,1969-12-31 16:00:00,GLOBAL QTc,3026258,Q-T interval corrected,404,9593,millisecond
037,03700001,1969-12-31 16:00:00,GLOBAL HEART RATE,3027018,Heart rate,121,4118124,beats/min
037,03700001,1969-12-31 16:00:00,MCL1 STJ60,21490662,ST amplitude.lead MCL1,187,9461,bel microvolt
037,03700001,1969-12-31 16:00:00,GLOBAL QRS Dur,3022022,QRS duration,114,9593,millisecond
037,03700001,1969-12-31 16:00:00,GLOBAL PR INT,3007794,P-R Interval,204,9593,millisecond
037,03700001,1969-12-31 16:00:00,GLOBAL QT,3025809,Q-T interval,320,9593,millisecond
037,03700002,1969-12-31 16:10:00,GLOBAL QTc,3026258,Q-T interval corrected,456,9593,millisecond
037,03700002,1969-12-31 16:10:00,GLOBAL HEART RATE,3027018,Heart rate,121,4118124,beats/min
037,03700002,1969-12-31 16:10:00,MCL1 STJ60,21490662,ST amplitude.lead MCL1,180,9461,bel microvolt
037,03700002,1969-12-31 16:10:00,GLOBAL QRS Dur,3022022,QRS duration,114,9593,millisecond
037,03700002,1969-12-31 16:10:00,GLOBAL QRS DUR,3022022,QRS duration,126,9593,millisecond
037,03700002,1969-12-31 16:10:00,GLOBAL PR INT,3007794,P-R Interval,124,9593,millisecond
037,03700002,1969-12-31 16:10:00,GLOBAL QT,3025809,Q-T interval,360,9593,millisecond
037,03700003,1969-12-31 16:20:01,GLOBAL QTc,3026258,Q-T interval corrected,456,9593,millisecond
037,03700003,1969-12-31 16:20:01,GLOBAL HEART RATE,3027018,Heart rate,121,4118124,beats/min
037,03700003,1969-12-31 16:20:01,MCL1 STJ60,21490662,ST amplitude.lead MCL1,194,9461,bel microvolt
037,03700003,1969-12-31 16:20:01,GLOBAL QRS Dur,3022022,QRS duration,114,9593,millisecond
037,03700003,1969-12-31 16:20:01,GLOBAL QRS DUR,3022022,QRS duration,126,9593,millisecond
037,03700003,1969-12-31 16:20:01,GLOBAL PR INT,3007794,P-R Interval,124,9593,millisecond
037,03700003,1969-12-31 16:20:01,GLOBAL QT,3025809,Q-T interval,360,9593,millisecond
037,03700004,1969-12-31 16:30:02,GLOBAL QTc,3026258,Q-T interval corrected,456,9593,millisecond
037,03700004,1969-12-31 16:30:02,GLOBAL HEART RATE,3027018,Heart rate,121,4118124,beats/min
037,03700004,1969-12-31 16:30:02,MCL1 STJ60,21490662,ST amplitude.lead MCL1,202,9461,bel microvolt
037,03700004,1969-12-31 16:30:02,GLOBAL QRS Dur,3022022,QRS duration,114,9593,millisecond
037,03700004,1969-12-31 16:30:02,GLOBAL QRS DUR,3022022,QRS duration,126,9593,millisecond
037,03700004,1969-12-31 16:30:02,GLOBAL PR INT,3007794,P-R Interval,124,9593,millisecond
037,03700004,1969-12-31 16:30:02,GLOBAL QT,3025809,Q-T interval,360,9593,millisecond
037,03700005,1969-12-31 16:40:02,GLOBAL QTc,3026258,Q-T interval corrected,456,9593,millisecond
037,03700005,1969-12-31 16:40:02,GLOBAL HEART RATE,3027018,Heart rate,121,4118124,beats/min
037,03700005,1969-12-31 16:40:02,MCL1 STJ60,21490662,ST amplitude.lead MCL1,220,9461,bel microvolt
037,03700005,1969-12-31 16:40:02,GLOBAL QRS Dur,3022022,QRS duration,114,9593,millisecond
037,03700005,1969-12-31 16:40:02,GLOBAL QRS DUR,3022022,QRS duration,126,9593,millisecond
037,03700005,1969-12-31 16:40:02,GLOBAL PR INT,3007794,P-R Interval,124,9593,millisecond
037,03700005,1969-12-31 16:40:02,GLOBAL QT,3025809,Q-T interval,360,9593,millisecond
037,03700006,1969-12-31 16:50:03,GLOBAL QTc,3026258,Q-T interval corrected,456,9593,millisecond
037,03700006,1969-12-31 16:50:03,GLOBAL HEART RATE,3027018,Heart rate,121,4118124,beats/min
037,03700006,1969-12-31 16:50:03,MCL1 STJ60,21490662,ST amplitude.lead MCL1,228,9461,bel microvolt
037,03700006,1969-12-31 16:50:03,GLOBAL QRS Dur,3022022,QRS duration,114,9593,millisecond
037,03700006,1969-12-31 16:50:03,GLOBAL QRS DUR,3022022,QRS duration,126,9593,millisecond
037,03700006,1969-12-31 16:50:03,GLOBAL PR INT,3007794,P-R Interval,124,9593,millisecond
037,03700006,1969-12-31 16:50:03,GLOBAL QT,3025809,Q-T interval,360,9593,millisecond
037,03700007,1969-12-31 17:00:04,GLOBAL QTc,3026258,Q-T interval corrected,456,9593,millisecond
037,03700007,1969-12-31 17:00:04,GLOBAL HEART RATE,3027018,Heart rate,121,4118124,beats/min
037,03700007,1969-12-31 17:00:04,MCL1 STJ60,21490662,ST amplitude.lead MCL1,213,9461,bel microvolt
037,03700007,1969-12-31 17:00:04,GLOBAL QRS Dur,3022022,QRS duration,114,9593,millisecond
037,03700007,1969-12-31 17:00:04,GLOBAL QRS DUR,3022022,QRS duration,126,9593,millisecond
037,03700007,1969-12-31 17:00:04,GLOBAL PR INT,3007794,P-R Interval,124,9593,millisecond
037,03700007,1969-12-31 17:00:04,GLOBAL QT,3025809,Q-T interval,360,9593,millisecond
037,03700008,1969-12-31 17:10:05,GLOBAL QTc,3026258,Q-T interval corrected,456,9593,millisecond
037,03700008,1969-12-31 17:10:05,GLOBAL HEART RATE,3027018,Heart rate,121,4118124,beats/min
037,03700008,1969-12-31 17:10:05,MCL1 STJ60,21490662,ST amplitude.lead MCL1,209,9461,bel microvolt
037,03700008,1969-12-31 17:10:05,GLOBAL QRS Dur,3022022,QRS duration,114,9593,millisecond
037,03700008,1969-12-31 17:10:05,GLOBAL QRS DUR,3022022,QRS duration,126,9593,millisecond
037,03700008,1969-12-31 17:10:05,GLOBAL PR INT,3007794,P-R Interval,124,9593,millisecond
037,03700008,1969-12-31 17:10:05,GLOBAL QT,3025809,Q-T interval,360,9593,millisecond
037,03700009,1969-12-31 17:20:05,GLOBAL QTc,3026258,Q-T interval corrected,456,9593,millisecond
037,03700009,1969-12-31 17:20:05,GLOBAL HEART RATE,3027018,Heart rate,121,4118124,beats/min
037,03700009,1969-12-31 17:20:05,MCL1 STJ60,21490662,ST amplitude.lead MCL1,210,9461,bel microvolt
037,03700009,1969-12-31 17:20:05,GLOBAL QRS Dur,3022022,QRS duration,114,9593,millisecond
037,03700009,1969-12-31 17:20:05,GLOBAL QRS DUR,3022022,QRS duration,126,9593,millisecond
037,03700009,1969-12-31 17:20:05,GLOBAL PR INT,3007794,P-R Interval,124,9593,millisecond
037,03700009,1969-12-31 17:20:05,GLOBAL QT,3025809,Q-T interval,360,9593,millisecond
037,03700010,1969-12-31 17:30:06,GLOBAL QTc,3026258,Q-T interval corrected,456,9593,millisecond
037,03700010,1969-12-31 17:30:06,GLOBAL HEART RATE,3027018,Heart rate,121,4118124,beats/min
037,03700010,1969-12-31 17:30:06,MCL1 STJ60,21490662,ST amplitude.lead MCL1,202,9461,bel microvolt
037,03700010,1969-12-31 17:30:06,GLOBAL QRS Dur,3022022,QRS duration,114,9593,millisecond
037,03700010,1969-12-31 17:30:06,GLOBAL QRS DUR,3022022,QRS duration,126,9593,millisecond
037,03700010,1969-12-31 17:30:06,GLOBAL PR INT,3007794,P-R Interval,124,9593,millisecond
037,03700010,1969-12-31 17:30:06,GLOBAL QT,3025809,Q-T interval,360,9593,millisecond
037,03700011,1969-12-31 17:40:07,GLOBAL QTc,3026258,Q-T interval corrected,456,9593,millisecond
037,03700011,1969-12-31 17:40:07,GLOBAL HEART RATE,3027018,Heart rate,50,4118124,beats/min
037,03700011,1969-12-31 17:40:07,MCL1 STJ60,21490662,ST amplitude.lead MCL1,-10,9461,bel microvolt
037,03700011,1969-12-31 17:40:07,GLOBAL QRS Dur,3022022,QRS duration,100,9593,millisecond
037,03700011,1969-12-31 17:40:07,GLOBAL PR INT,3007794,P-R Interval,200,9593,millisecond
037,03700011,1969-12-31 17:40:07,GLOBAL QT,3025809,Q-T interval,484,9593,millisecond
037,03700012,1969-12-31 17:50:08,GLOBAL QTc,3026258,Q-T interval corrected,458,9593,millisecond
037,03700012,1969-12-31 17:50:08,GLOBAL HEART RATE,3027018,Heart rate,46,4118124,beats/min
037,03700012,1969-12-31 17:50:08,MCL1 STJ60,21490662,ST amplitude.lead MCL1,-12,9461,bel microvolt
037,03700012,1969-12-31 17:50:08,GLOBAL QRS Dur,3022022,QRS duration,98,9593,millisecond
037,03700012,1969-12-31 17:50:08,GLOBAL PR INT,3007794,P-R Interval,200,9593,millisecond
037,03700012,1969-12-31 17:50:08,GLOBAL QT,3025809,Q-T interval,498,9593,millisecond
037,03700013,1969-12-31 18:00:08,GLOBAL QTc,3026258,Q-T interval corrected,366,9593,millisecond
037,03700013,1969-12-31 18:00:08,GLOBAL HEART RATE,3027018,Heart rate,46,4118124,beats/min
037,03700013,1969-12-31 18:00:08,MCL1 STJ60,21490662,ST amplitude.lead MCL1,-8,9461,bel microvolt
037,03700013,1969-12-31 18:00:08,GLOBAL QRS Dur,3022022,QRS duration,98,9593,millisecond
037,03700013,1969-12-31 18:00:08,GLOBAL QRS DUR,3022022,QRS duration,106,9593,millisecond
037,03700013,1969-12-31 18:00:08,GLOBAL PR INT,3007794,P-R Interval,94,9593,millisecond
037,03700013,1969-12-31 18:00:08,GLOBAL QT,3025809,Q-T interval,398,9593,millisecond
037,03700014,1969-12-31 18:10:09,GLOBAL QTc,3026258,Q-T interval corrected,366,9593,millisecond
037,03700014,1969-12-31 18:10:09,GLOBAL HEART RATE,3027018,Heart rate,46,4118124,beats/min
037,03700014,1969-12-31 18:10:09,MCL1 STJ60,21490662,ST amplitude.lead MCL1,-5,9461,bel microvolt
037,03700014,1969-12-31 18:10:09,GLOBAL QRS Dur,3022022,QRS duration,98,9593,millisecond
037,03700014,1969-12-31 18:10:09,GLOBAL QRS DUR,3022022,QRS duration,106,9593,millisecond
037,03700014,1969-12-31 18:10:09,GLOBAL PR INT,3007794,P-R Interval,94,9593,millisecond
037,03700014,1969-12-31 18:10:09,GLOBAL QT,3025809,Q-T interval,398,9593,millisecond
037,03700015,1969-12-31 18:20:10,GLOBAL QTc,3026258,Q-T interval corrected,444,9593,millisecond
037,03700015,1969-12-31 18:20:10,GLOBAL HEART RATE,3027018,Heart rate,33,4118124,beats/min
037,03700015,1969-12-31 18:20:10,MCL1 STJ60,21490662,ST amplitude.lead MCL1,-13,9461,bel microvolt
037,03700015,1969-12-31 18:20:10,GLOBAL QRS Dur,3022022,QRS duration,102,9593,millisecond
037,03700015,1969-12-31 18:20:10,GLOBAL PR INT,3007794,P-R Interval,200,9593,millisecond
037,03700015,1969-12-31 18:20:10,GLOBAL QT,3025809,Q-T interval,540,9593,millisecond
037,03700016,1969-12-31 18:30:11,GLOBAL QTc,3026258,Q-T interval corrected,444,9593,millisecond
037,03700016,1969-12-31 18:30:11,GLOBAL HEART RATE,3027018,Heart rate,66,4118124,beats/min
037,03700016,1969-12-31 18:30:11,MCL1 STJ60,21490662,ST amplitude.lead MCL1,-14,9461,bel microvolt
037,03700016,1969-12-31 18:30:11,GLOBAL QRS Dur,3022022,QRS duration,100,9593,millisecond
037,03700016,1969-12-31 18:30:11,GLOBAL PR INT,3007794,P-R Interval,200,9593,millisecond
037,03700016,1969-12-31 18:30:11,GLOBAL QT,3025809,Q-T interval,428,9593,millisecond
037,03700017,1969-12-31 18:40:11,GLOBAL QTc,3026258,Q-T interval corrected,448,9593,millisecond
037,03700017,1969-12-31 18:40:11,GLOBAL HEART RATE,3027018,Heart rate,61,4118124,beats/min
037,03700017,1969-12-31 18:40:11,MCL1 STJ60,21490662,ST amplitude.lead MCL1,-14,9461,bel microvolt
037,03700017,1969-12-31 18:40:11,GLOBAL QRS Dur,3022022,QRS duration,100,9593,millisecond
037,03700017,1969-12-31 18:40:11,GLOBAL PR INT,3007794,P-R Interval,200,9593,millisecond
037,03700017,1969-12-31 18:40:11,GLOBAL QT,3025809,Q-T interval,444,9593,millisecond
037,03700018,1969-12-31 18:50:12,GLOBAL QTc,3026258,Q-T interval corrected,452,9593,millisecond
037,03700018,1969-12-31 18:50:12,GLOBAL HEART RATE,3027018,Heart rate,56,4118124,beats/min
037,03700018,1969-12-31 18:50:12,MCL1 STJ60,21490662,ST amplitude.lead MCL1,-15,9461,bel microvolt
037,03700018,1969-12-31 18:50:12,GLOBAL QRS Dur,3022022,QRS duration,104,9593,millisecond
037,03700018,1969-12-31 18:50:12,GLOBAL PR INT,3007794,P-R Interval,200,9593,millisecond
037,03700018,1969-12-31 18:50:12,GLOBAL QT,3025809,Q-T interval,462,9593,millisecond
037,03700019,1969-12-31 19:00:13,GLOBAL QTc,3026258,Q-T interval corrected,414,9593,millisecond
037,03700019,1969-12-31 19:00:13,GLOBAL HEART RATE,3027018,Heart rate,56,4118124,beats/min
037,03700019,1969-12-31 19:00:13,MCL1 STJ60,21490662,ST amplitude.lead MCL1,-14,9461,bel microvolt
037,03700019,1969-12-31 19:00:13,GLOBAL QRS Dur,3022022,QRS duration,104,9593,millisecond
037,03700019,1969-12-31 19:00:13,GLOBAL QRS DUR,3022022,QRS duration,102,9593,millisecond
037,03700019,1969-12-31 19:00:13,GLOBAL PR INT,3007794,P-R Interval,80,9593,millisecond
037,03700019,1969-12-31 19:00:13,GLOBAL QT,3025809,Q-T interval,422,9593,millisecond
037,03700020,1969-12-31 19:10:14,GLOBAL QTc,3026258,Q-T interval corrected,414,9593,millisecond
037,03700020,1969-12-31 19:10:14,GLOBAL HEART RATE,3027018,Heart rate,56,4118124,beats/min
037,03700020,1969-12-31 19:10:14,MCL1 STJ60,21490662,ST amplitude.lead MCL1,-13,9461,bel microvolt
037,03700020,1969-12-31 19:10:14,GLOBAL QRS Dur,3022022,QRS duration,104,9593,millisecond
037,03700020,1969-12-31 19:10:14,GLOBAL QRS DUR,3022022,QRS duration,102,9593,millisecond
037,03700020,1969-12-31 19:10:14,GLOBAL PR INT,3007794,P-R Interval,80,9593,millisecond
037,03700020,1969-12-31 19:10:14,GLOBAL QT,3025809,Q-T interval,422,9593,millisecond
037,03700021,1969-12-31 19:20:14,GLOBAL QTc,3026258,Q-T interval corrected,414,9593,millisecond
037,03700021,1969-12-31 19:20:14,GLOBAL HEART RATE,3027018,Heart rate,56,4118124,beats/min
037,03700021,1969-12-31 19:20:14,MCL1 STJ60,21490662,ST amplitude.lead MCL1,-16,9461,bel microvolt
037,03700021,1969-12-31 19:20:14,GLOBAL QRS Dur,3022022,QRS duration,104,9593,millisecond
037,03700021,1969-12-31 19:20:14,GLOBAL QRS DUR,3022022,QRS duration,102,9593,millisecond
037,03700021,1969-12-31 19:20:14,GLOBAL PR INT,3007794,P-R Interval,80,9593,millisecond
037,03700021,1969-12-31 19:20:14,GLOBAL QT,3025809,Q-T interval,422,9593,millisecond
037,03700022,1969-12-31 19:30:15,GLOBAL QTc,3026258,Q-T interval corrected,202,9593,millisecond
037,03700022,1969-12-31 19:30:15,GLOBAL HEART RATE,3027018,Heart rate,3,4118124,beats/min
037,03700022,1969-12-31 19:30:15,MCL1 STJ60,21490662,ST amplitude.lead MCL1,18,9461,bel microvolt
037,03700022,1969-12-31 19:30:15,GLOBAL QRS Dur,3022022,QRS duration,140,9593,millisecond
037,03700022,1969-12-31 19:30:15,GLOBAL PR INT,3007794,P-R Interval,122,9593,millisecond
037,03700022,1969-12-31 19:30:15,GLOBAL QT,3025809,Q-T interval,500,9593,millisecond
037,03700023,1969-12-31 19:40:16,GLOBAL QTc,3026258,Q-T interval corrected,130,9593,millisecond
037,03700023,1969-12-31 19:40:16,GLOBAL HEART RATE,3027018,Heart rate,1,4118124,beats/min
037,03700023,1969-12-31 19:40:16,MCL1 STJ60,21490662,ST amplitude.lead MCL1,-47,9461,bel microvolt
037,03700023,1969-12-31 19:40:16,GLOBAL QRS Dur,3022022,QRS duration,108,9593,millisecond
037,03700023,1969-12-31 19:40:16,GLOBAL PR INT,3007794,P-R Interval,200,9593,millisecond
037,03700023,1969-12-31 19:40:16,GLOBAL QT,3025809,Q-T interval,500,9593,millisecond
037,03700027,1969-12-31 20:20:19,GLOBAL QTc,3026258,Q-T interval corrected,78,9593,millisecond
037,03700027,1969-12-31 20:20:19,GLOBAL HEART RATE,3027018,Heart rate,0,4118124,beats/min
037,03700027,1969-12-31 20:20:19,MCL1 STJ60,21490662,ST amplitude.lead MCL1,415,9461,bel microvolt
037,03700027,1969-12-31 20:20:19,GLOBAL QRS Dur,3022022,QRS duration,208,9593,millisecond
037,03700027,1969-12-31 20:20:19,GLOBAL PR INT,3007794,P-R Interval,200,9593,millisecond
037,03700027,1969-12-31 20:20:19,GLOBAL QT,3025809,Q-T interval,500,9593,millisecond
037,03700028,1969-12-31 20:30:20,GLOBAL QTc,3026258,Q-T interval corrected,192,9593,millisecond
037,03700028,1969-12-31 20:30:20,GLOBAL HEART RATE,3027018,Heart rate,3,4118124,beats/min
037,03700028,1969-12-31 20:30:20,MCL1 STJ60,21490662,ST amplitude.lead MCL1,58,9461,bel microvolt
037,03700028,1969-12-31 20:30:20,GLOBAL QRS Dur,3022022,QRS duration,150,9593,millisecond
037,03700028,1969-12-31 20:30:20,GLOBAL PR INT,3007794,P-R Interval,200,9593,millisecond
037,03700028,1969-12-31 20:30:20,GLOBAL QT,3025809,Q-T interval,500,9593,millisecond
037,03700032,1969-12-31 21:10:23,GLOBAL QTc,3026258,Q-T interval corrected,282,9593,millisecond
037,03700032,1969-12-31 21:10:23,GLOBAL HEART RATE,3027018,Heart rate,10,4118124,beats/min
037,03700032,1969-12-31 21:10:23,MCL1 STJ60,21490662,ST amplitude.lead MCL1,-21,9461,bel microvolt
037,03700032,1969-12-31 21:10:23,GLOBAL QRS Dur,3022022,QRS duration,98,9593,millisecond
037,03700032,1969-12-31 21:10:23,GLOBAL PR INT,3007794,P-R Interval,200,9593,millisecond
037,03700032,1969-12-31 21:10:23,GLOBAL QT,3025809,Q-T interval,500,9593,millisecond
037,03700033,1969-12-31 21:20:23,GLOBAL QTc,3026258,Q-T interval corrected,238,9593,millisecond
037,03700033,1969-12-31 21:20:23,GLOBAL HEART RATE,3027018,Heart rate,10,4118124,beats/min
037,03700033,1969-12-31 21:20:23,MCL1 STJ60,21490662,ST amplitude.lead MCL1,-20,9461,bel microvolt
037,03700033,1969-12-31 21:20:23,GLOBAL QRS Dur,3022022,QRS duration,98,9593,millisecond
037,03700033,1969-12-31 21:20:23,GLOBAL QRS DUR,3022022,QRS duration,102,9593,millisecond
037,03700033,1969-12-31 21:20:23,GLOBAL PR INT,3007794,P-R Interval,80,9593,millisecond
037,03700033,1969-12-31 21:20:23,GLOBAL QT,3025809,Q-T interval,422,9593,millisecond
037,03700034,1969-12-31 21:30:24,GLOBAL QTc,3026258,Q-T interval corrected,238,9593,millisecond
037,03700034,1969-12-31 21:30:24,GLOBAL HEART RATE,3027018,Heart rate,10,4118124,beats/min
037,03700034,1969-12-31 21:30:24,MCL1 STJ60,21490662,ST amplitude.lead MCL1,-22,9461,bel microvolt
037,03700034,1969-12-31 21:30:24,GLOBAL QRS Dur,3022022,QRS duration,98,9593,millisecond
037,03700034,1969-12-31 21:30:24,GLOBAL QRS DUR,3022022,QRS duration,102,9593,millisecond
037,03700034,1969-12-31 21:30:24,GLOBAL PR INT,3007794,P-R Interval,80,9593,millisecond
037,03700034,1969-12-31 21:30:24,GLOBAL QT,3025809,Q-T interval,422,9593,millisecond
037,03700037,1969-12-31 22:00:26,GLOBAL QTc,3026258,Q-T interval corrected,442,9593,millisecond
037,03700037,1969-12-31 22:00:26,GLOBAL HEART RATE,3027018,Heart rate,69,4118124,beats/min
037,03700037,1969-12-31 22:00:26,MCL1 STJ60,21490662,ST amplitude.lead MCL1,-102,9461,bel microvolt
037,03700037,1969-12-31 22:00:26,GLOBAL QRS Dur,3022022,QRS duration,124,9593,millisecond
037,03700037,1969-12-31 22:00:26,GLOBAL PR INT,3007794,P-R Interval,200,9593,millisecond
037,03700037,1969-12-31 22:00:26,GLOBAL QT,3025809,Q-T interval,420,9593,millisecond
037,03700038,1969-12-31 22:10:27,GLOBAL QTc,3026258,Q-T interval corrected,416,9593,millisecond
037,03700038,1969-12-31 22:10:27,GLOBAL HEART RATE,3027018,Heart rate,102,4118124,beats/min
037,03700038,1969-12-31 22:10:27,MCL1 STJ60,21490662,ST amplitude.lead MCL1,-67,9461,bel microvolt
037,03700038,1969-12-31 22:10:27,GLOBAL QRS Dur,3022022,QRS duration,120,9593,millisecond
037,03700038,1969-12-31 22:10:27,GLOBAL PR INT,3007794,P-R Interval,200,9593,millisecond
037,03700038,1969-12-31 22:10:27,GLOBAL QT,3025809,Q-T interval,348,9593,millisecond
037,03700040,1969-12-31 22:30:29,GLOBAL QTc,3026258,Q-T interval corrected,410,9593,millisecond
037,03700040,1969-12-31 22:30:29,GLOBAL HEART RATE,3027018,Heart rate,112,4118124,beats/min
037,03700040,1969-12-31 22:30:29,MCL1 STJ60,21490662,ST amplitude.lead MCL1,-98,9461,bel microvolt
037,03700040,1969-12-31 22:30:29,GLOBAL QRS Dur,3022022,QRS duration,132,9593,millisecond
037,03700040,1969-12-31 22:30:29,GLOBAL PR INT,3007794,P-R Interval,200,9593,millisecond
037,03700040,1969-12-31 22:30:29,GLOBAL QT,3025809,Q-T interval,332,9593,millisecond
037,03700044,1969-12-31 23:10:32,GLOBAL QTc,3026258,Q-T interval corrected,108,9593,millisecond
037,03700044,1969-12-31 23:10:32,GLOBAL HEART RATE,3027018,Heart rate,0,4118124,beats/min
037,03700044,1969-12-31 23:10:32,MCL1 STJ60,21490662,ST amplitude.lead MCL1,23,9461,bel microvolt
037,03700044,1969-12-31 23:10:32,GLOBAL QRS Dur,3022022,QRS duration,156,9593,millisecond
037,03700044,1969-12-31 23:10:32,GLOBAL PR INT,3007794,P-R Interval,200,9593,millisecond
037,03700044,1969-12-31 23:10:32,GLOBAL QT,3025809,Q-T interval,500,9593,millisecond
037,03700048,1969-12-31 23:50:35,GLOBAL QTc,3026258,Q-T interval corrected,88,9593,millisecond
037,03700048,1969-12-31 23:50:35,GLOBAL HEART RATE,3027018,Heart rate,0,4118124,beats/min
037,03700048,1969-12-31 23:50:35,MCL1 STJ60,21490662,ST amplitude.lead MCL1,-33,9461,bel microvolt
037,03700048,1969-12-31 23:50:35,GLOBAL QRS Dur,3022022,QRS duration,132,9593,millisecond
037,03700048,1969-12-31 23:50:35,GLOBAL PR INT,3007794,P-R Interval,200,9593,millisecond
037,03700048,1969-12-31 23:50:35,GLOBAL QT,3025809,Q-T interval,500,9593,millisecond
037,03700049,1970-01-01 00:00:35,GLOBAL QTc,3026258,Q-T interval corrected,360,9593,millisecond
037,03700049,1970-01-01 00:00:35,GLOBAL HEART RATE,3027018,Heart rate,22,4118124,beats/min
037,03700049,1970-01-01 00:00:35,MCL1 STJ60,21490662,ST amplitude.lead MCL1,-22,9461,bel microvolt
037,03700049,1970-01-01 00:00:35,GLOBAL QRS Dur,3022022,QRS duration,112,9593,millisecond
037,03700049,1970-01-01 00:00:35,GLOBAL PR INT,3007794,P-R Interval,200,9593,millisecond
037,03700049,1970-01-01 00:00:35,GLOBAL QT,3025809,Q-T interval,500,9593,millisecond
037,03700050,1970-01-01 00:10:36,GLOBAL QTc,3026258,Q-T interval corrected,304,9593,millisecond
037,03700050,1970-01-01 00:10:36,GLOBAL HEART RATE,3027018,Heart rate,22,4118124,beats/min
037,03700050,1970-01-01 00:10:36,MCL1 STJ60,21490662,ST amplitude.lead MCL1,-18,9461,bel microvolt
037,03700050,1970-01-01 00:10:36,GLOBAL QRS Dur,3022022,QRS duration,112,9593,millisecond
037,03700050,1970-01-01 00:10:36,GLOBAL QRS DUR,3022022,QRS duration,120,9593,millisecond
037,03700050,1970-01-01 00:10:36,GLOBAL PR INT,3007794,P-R Interval,80,9593,millisecond
037,03700050,1970-01-01 00:10:36,GLOBAL QT,3025809,Q-T interval,422,9593,millisecond
037,03700057,1970-01-01 01:20:41,GLOBAL QTc,3026258,Q-T interval corrected,412,9593,millisecond
037,03700057,1970-01-01 01:20:41,GLOBAL HEART RATE,3027018,Heart rate,111,4118124,beats/min
037,03700057,1970-01-01 01:20:41,MCL1 STJ60,21490662,ST amplitude.lead MCL1,-58,9461,bel microvolt
037,03700057,1970-01-01 01:20:41,GLOBAL QRS Dur,3022022,QRS duration,124,9593,millisecond
037,03700057,1970-01-01 01:20:41,GLOBAL PR INT,3007794,P-R Interval,200,9593,millisecond
037,03700057,1970-01-01 01:20:41,GLOBAL QT,3025809,Q-T interval,334,9593,millisecond
037,03700058,1970-01-01 01:30:42,GLOBAL QTc,3026258,Q-T interval corrected,412,9593,millisecond
037,03700058,1970-01-01 01:30:42,GLOBAL HEART RATE,3027018,Heart rate,110,4118124,beats/min
037,03700058,1970-01-01 01:30:42,MCL1 STJ60,21490662,ST amplitude.lead MCL1,-183,9461,bel microvolt
037,03700058,1970-01-01 01:30:42,GLOBAL QRS Dur,3022022,QRS duration,114,9593,millisecond
037,03700058,1970-01-01 01:30:42,GLOBAL PR INT,3007794,P-R Interval,168,9593,millisecond
037,03700058,1970-01-01 01:30:42,GLOBAL QT,3025809,Q-T interval,336,9593,millisecond
037,03700059,1970-01-01 01:40:43,GLOBAL QTc,3026258,Q-T interval corrected,476,9593,millisecond
037,03700059,1970-01-01 01:40:43,GLOBAL HEART RATE,3027018,Heart rate,110,4118124,beats/min
037,03700059,1970-01-01 01:40:43,MCL1 STJ60,21490662,ST amplitude.lead MCL1,-173,9461,bel microvolt
037,03700059,1970-01-01 01:40:43,GLOBAL QRS Dur,3022022,QRS duration,114,9593,millisecond
037,03700059,1970-01-01 01:40:43,GLOBAL QRS DUR,3022022,QRS duration,160,9593,millisecond
037,03700059,1970-01-01 01:40:43,GLOBAL PR INT,3007794,P-R Interval,86,9593,millisecond
037,03700059,1970-01-01 01:40:43,GLOBAL QT,3025809,Q-T interval,388,9593,millisecond
037,03700060,1970-01-01 01:50:44,GLOBAL QTc,3026258,Q-T interval corrected,476,9593,millisecond
037,03700060,1970-01-01 01:50:44,GLOBAL HEART RATE,3027018,Heart rate,110,4118124,beats/min
037,03700060,1970-01-01 01:50:44,MCL1 STJ60,21490662,ST amplitude.lead MCL1,-157,9461,bel microvolt
037,03700060,1970-01-01 01:50:44,GLOBAL QRS Dur,3022022,QRS duration,114,9593,millisecond
037,03700060,1970-01-01 01:50:44,GLOBAL QRS DUR,3022022,QRS duration,160,9593,millisecond
037,03700060,1970-01-01 01:50:44,GLOBAL PR INT,3007794,P-R Interval,86,9593,millisecond
037,03700060,1970-01-01 01:50:44,GLOBAL QT,3025809,Q-T interval,388,9593,millisecond
037,03700061,1970-01-01 02:00:44,GLOBAL QTc,3026258,Q-T interval corrected,476,9593,millisecond
037,03700061,1970-01-01 02:00:44,GLOBAL HEART RATE,3027018,Heart rate,110,4118124,beats/min
037,03700061,1970-01-01 02:00:44,MCL1 STJ60,21490662,ST amplitude.lead MCL1,-177,9461,bel microvolt
037,03700061,1970-01-01 02:00:44,GLOBAL QRS Dur,3022022,QRS duration,114,9593,millisecond
037,03700061,1970-01-01 02:00:44,GLOBAL QRS DUR,3022022,QRS duration,160,9593,millisecond
037,03700061,1970-01-01 02:00:44,GLOBAL PR INT,3007794,P-R Interval,86,9593,millisecond
037,03700061,1970-01-01 02:00:44,GLOBAL QT,3025809,Q-T interval,388,9593,millisecond
037,03700062,1970-01-01 02:10:45,GLOBAL QTc,3026258,Q-T interval corrected,406,9593,millisecond
037,03700062,1970-01-01 02:10:45,GLOBAL HEART RATE,3027018,Heart rate,122,4118124,beats/min
037,03700062,1970-01-01 02:10:45,MCL1 STJ60,21490662,ST amplitude.lead MCL1,-68,9461,bel microvolt
037,03700062,1970-01-01 02:10:45,GLOBAL QRS Dur,3022022,QRS duration,126,9593,millisecond
037,03700062,1970-01-01 02:10:45,GLOBAL PR INT,3007794,P-R Interval,200,9593,millisecond
037,03700062,1970-01-01 02:10:45,GLOBAL QT,3025809,Q-T interval,320,9593,millisecond
037,03700063,1970-01-01 02:20:46,GLOBAL QTc,3026258,Q-T interval corrected,404,9593,millisecond
037,03700063,1970-01-01 02:20:46,GLOBAL HEART RATE,3027018,Heart rate,123,4118124,beats/min
037,03700063,1970-01-01 02:20:46,MCL1 STJ60,21490662,ST amplitude.lead MCL1,-68,9461,bel microvolt
037,03700063,1970-01-01 02:20:46,GLOBAL QRS Dur,3022022,QRS duration,124,9593,millisecond
037,03700063,1970-01-01 02:20:46,GLOBAL PR INT,3007794,P-R Interval,200,9593,millisecond
037,03700063,1970-01-01 02:20:46,GLOBAL QT,3025809,Q-T interval,318,9593,millisecond
037,03700064,1970-01-01 02:30:47,GLOBAL QTc,3026258,Q-T interval corrected,406,9593,millisecond
037,03700064,1970-01-01 02:30:47,GLOBAL HEART RATE,3027018,Heart rate,123,4118124,beats/min
037,03700064,1970-01-01 02:30:47,MCL1 STJ60,21490662,ST amplitude.lead MCL1,-62,9461,bel microvolt
037,03700064,1970-01-01 02:30:47,GLOBAL QRS Dur,3022022,QRS duration,132,9593,millisecond
037,03700064,1970-01-01 02:30:47,GLOBAL PR INT,3007794,P-R Interval,200,9593,millisecond
037,03700064,1970-01-01 02:30:47,GLOBAL QT,3025809,Q-T interval,318,9593,millisecond
037,03700065,1970-01-01 02:40:47,GLOBAL QTc,3026258,Q-T interval corrected,404,9593,millisecond
037,03700065,1970-01-01 02:40:47,GLOBAL HEART RATE,3027018,Heart rate,124,4118124,beats/min
037,03700065,1970-01-01 02:40:47,MCL1 STJ60,21490662,ST amplitude.lead MCL1,-64,9461,bel microvolt
037,03700065,1970-01-01 02:40:47,GLOBAL QRS Dur,3022022,QRS duration,124,9593,millisecond
037,03700065,1970-01-01 02:40:47,GLOBAL PR INT,3007794,P-R Interval,200,9593,millisecond
037,03700065,1970-01-01 02:40:47,GLOBAL QT,3025809,Q-T interval,316,9593,millisecond
037,03700066,1970-01-01 02:50:48,GLOBAL QTc,3026258,Q-T interval corrected,434,9593,millisecond
037,03700066,1970-01-01 02:50:48,GLOBAL HEART RATE,3027018,Heart rate,124,4118124,beats/min
037,03700066,1970-01-01 02:50:48,MCL1 STJ60,21490662,ST amplitude.lead MCL1,-66,9461,bel microvolt
037,03700066,1970-01-01 02:50:48,GLOBAL QRS Dur,3022022,QRS duration,124,9593,millisecond
037,03700066,1970-01-01 02:50:48,GLOBAL QRS DUR,3022022,QRS duration,126,9593,millisecond
037,03700066,1970-01-01 02:50:48,GLOBAL PR INT,3007794,P-R Interval,104,9593,millisecond
037,03700066,1970-01-01 02:50:48,GLOBAL QT,3025809,Q-T interval,340,9593,millisecond
037,03700067,1970-01-01 03:00:49,GLOBAL QTc,3026258,Q-T interval corrected,434,9593,millisecond
037,03700067,1970-01-01 03:00:49,GLOBAL HEART RATE,3027018,Heart rate,124,4118124,beats/min
037,03700067,1970-01-01 03:00:49,MCL1 STJ60,21490662,ST amplitude.lead MCL1,-69,9461,bel microvolt
037,03700067,1970-01-01 03:00:49,GLOBAL QRS Dur,3022022,QRS duration,124,9593,millisecond
037,03700067,1970-01-01 03:00:49,GLOBAL QRS DUR,3022022,QRS duration,126,9593,millisecond
037,03700067,1970-01-01 03:00:49,GLOBAL PR INT,3007794,P-R Interval,104,9593,millisecond
037,03700067,1970-01-01 03:00:49,GLOBAL QT,3025809,Q-T interval,340,9593,millisecond
037,03700068,1970-01-01 03:10:50,GLOBAL QTc,3026258,Q-T interval corrected,434,9593,millisecond
037,03700068,1970-01-01 03:10:50,GLOBAL HEART RATE,3027018,Heart rate,124,4118124,beats/min
037,03700068,1970-01-01 03:10:50,MCL1 STJ60,21490662,ST amplitude.lead MCL1,-75,9461,bel microvolt
037,03700068,1970-01-01 03:10:50,GLOBAL QRS Dur,3022022,QRS duration,124,9593,millisecond
037,03700068,1970-01-01 03:10:50,GLOBAL QRS DUR,3022022,QRS duration,126,9593,millisecond
037,03700068,1970-01-01 03:10:50,GLOBAL PR INT,3007794,P-R Interval,104,9593,millisecond
037,03700068,1970-01-01 03:10:50,GLOBAL QT,3025809,Q-T interval,340,9593,millisecond
037,03700069,1970-01-01 03:20:50,GLOBAL QTc,3026258,Q-T interval corrected,404,9593,millisecond
037,03700069,1970-01-01 03:20:50,GLOBAL HEART RATE,3027018,Heart rate,129,4118124,beats/min
037,03700069,1970-01-01 03:20:50,MCL1 STJ60,21490662,ST amplitude.lead MCL1,-101,9461,bel microvolt
037,03700069,1970-01-01 03:20:50,GLOBAL QRS Dur,3022022,QRS duration,126,9593,millisecond
037,03700069,1970-01-01 03:20:50,GLOBAL PR INT,3007794,P-R Interval,200,9593,millisecond
037,03700069,1970-01-01 03:20:50,GLOBAL QT,3025809,Q-T interval,312,9593,millisecond
037,03700070,1970-01-01 03:30:51,GLOBAL QTc,3026258,Q-T interval corrected,424,9593,millisecond
037,03700070,1970-01-01 03:30:51,GLOBAL HEART RATE,3027018,Heart rate,129,4118124,beats/min
037,03700070,1970-01-01 03:30:51,MCL1 STJ60,21490662,ST amplitude.lead MCL1,-102,9461,bel microvolt
037,03700070,1970-01-01 03:30:51,GLOBAL QRS Dur,3022022,QRS duration,126,9593,millisecond
037,03700070,1970-01-01 03:30:51,GLOBAL QRS DUR,3022022,QRS duration,102,9593,millisecond
037,03700070,1970-01-01 03:30:51,GLOBAL PR INT,3007794,P-R Interval,80,9593,millisecond
037,03700070,1970-01-01 03:30:51,GLOBAL QT,3025809,Q-T interval,328,9593,millisecond
037,03700071,1970-01-01 03:40:52,GLOBAL QTc,3026258,Q-T interval corrected,434,9593,millisecond
037,03700071,1970-01-01 03:40:52,GLOBAL HEART RATE,3027018,Heart rate,124,4118124,beats/min
037,03700071,1970-01-01 03:40:52,MCL1 STJ60,21490662,ST amplitude.lead MCL1,-67,9461,bel microvolt
037,03700071,1970-01-01 03:40:52,GLOBAL QRS Dur,3022022,QRS duration,124,9593,millisecond
037,03700071,1970-01-01 03:40:52,GLOBAL QRS DUR,3022022,QRS duration,126,9593,millisecond
037,03700071,1970-01-01 03:40:52,GLOBAL PR INT,3007794,P-R Interval,104,9593,millisecond
037,03700071,1970-01-01 03:40:52,GLOBAL QT,3025809,Q-T interval,340,9593,millisecond
037,03700072,1970-01-01 03:50:53,GLOBAL QTc,3026258,Q-T interval corrected,424,9593,millisecond
037,03700072,1970-01-01 03:50:53,GLOBAL HEART RATE,3027018,Heart rate,129,4118124,beats/min
037,03700072,1970-01-01 03:50:53,MCL1 STJ60,21490662,ST amplitude.lead MCL1,-77,9461,bel microvolt
037,03700072,1970-01-01 03:50:53,GLOBAL QRS Dur,3022022,QRS duration,126,9593,millisecond
037,03700072,1970-01-01 03:50:53,GLOBAL QRS DUR,3022022,QRS duration,102,9593,millisecond
037,03700072,1970-01-01 03:50:53,GLOBAL PR INT,3007794,P-R Interval,80,9593,millisecond
037,03700072,1970-01-01 03:50:53,GLOBAL QT,3025809,Q-T interval,328,9593,millisecond
037,03700073,1970-01-01 04:00:53,GLOBAL QTc,3026258,Q-T interval corrected,424,9593,millisecond
037,03700073,1970-01-01 04:00:53,GLOBAL HEART RATE,3027018,Heart rate,129,4118124,beats/min
037,03700073,1970-01-01 04:00:53,MCL1 STJ60,21490662,ST amplitude.lead MCL1,-131,9461,bel microvolt
037,03700073,1970-01-01 04:00:53,GLOBAL QRS Dur,3022022,QRS duration,126,9593,millisecond
037,03700073,1970-01-01 04:00:53,GLOBAL QRS DUR,3022022,QRS duration,102,9593,millisecond
037,03700073,1970-01-01 04:00:53,GLOBAL PR INT,3007794,P-R Interval,80,9593,millisecond
037,03700073,1970-01-01 04:00:53,GLOBAL QT,3025809,Q-T interval,328,9593,millisecond
037,03700074,1970-01-01 04:10:54,GLOBAL QTc,3026258,Q-T interval corrected,440,9593,millisecond
037,03700074,1970-01-01 04:10:54,GLOBAL HEART RATE,3027018,Heart rate,70,4118124,beats/min
037,03700074,1970-01-01 04:10:54,MCL1 STJ60,21490662,ST amplitude.lead MCL1,-155,9461,bel microvolt
037,03700074,1970-01-01 04:10:54,GLOBAL QRS Dur,3022022,QRS duration,146,9593,millisecond
037,03700074,1970-01-01 04:10:54,GLOBAL PR INT,3007794,P-R Interval,124,9593,millisecond
037,03700074,1970-01-01 04:10:54,GLOBAL QT,3025809,Q-T interval,418,9593,millisecond
037,03700075,1970-01-01 04:20:55,GLOBAL QTc,3026258,Q-T interval corrected,446,9593,millisecond
037,03700075,1970-01-01 04:20:55,GLOBAL HEART RATE,3027018,Heart rate,63,4118124,beats/min
037,03700075,1970-01-01 04:20:55,MCL1 STJ60,21490662,ST amplitude.lead MCL1,-145,9461,bel microvolt
037,03700075,1970-01-01 04:20:55,GLOBAL QRS Dur,3022022,QRS duration,170,9593,millisecond
037,03700075,1970-01-01 04:20:55,GLOBAL PR INT,3007794,P-R Interval,102,9593,millisecond
037,03700075,1970-01-01 04:20:55,GLOBAL QT,3025809,Q-T interval,438,9593,millisecond
037,03700076,1970-01-01 04:30:56,GLOBAL QTc,3026258,Q-T interval corrected,424,9593,millisecond
037,03700076,1970-01-01 04:30:56,GLOBAL HEART RATE,3027018,Heart rate,129,4118124,beats/min
037,03700076,1970-01-01 04:30:56,MCL1 STJ60,21490662,ST amplitude.lead MCL1,-134,9461,bel microvolt
037,03700076,1970-01-01 04:30:56,GLOBAL QRS Dur,3022022,QRS duration,126,9593,millisecond
037,03700076,1970-01-01 04:30:56,GLOBAL QRS DUR,3022022,QRS duration,102,9593,millisecond
037,03700076,1970-01-01 04:30:56,GLOBAL PR INT,3007794,P-R Interval,80,9593,millisecond
037,03700076,1970-01-01 04:30:56,GLOBAL QT,3025809,Q-T interval,328,9593,millisecond
037,03700077,1970-01-01 04:40:56,GLOBAL QTc,3026258,Q-T interval corrected,406,9593,millisecond
037,03700077,1970-01-01 04:40:56,GLOBAL HEART RATE,3027018,Heart rate,120,4118124,beats/min
037,03700077,1970-01-01 04:40:56,MCL1 STJ60,21490662,ST amplitude.lead MCL1,-94,9461,bel microvolt
037,03700077,1970-01-01 04:40:56,GLOBAL QRS Dur,3022022,QRS duration,172,9593,millisecond
037,03700077,1970-01-01 04:40:56,GLOBAL PR INT,3007794,P-R Interval,200,9593,millisecond
037,03700077,1970-01-01 04:40:56,GLOBAL QT,3025809,Q-T interval,322,9593,millisecond
037,03700078,1970-01-01 04:50:57,GLOBAL QTc,3026258,Q-T interval corrected,488,9593,millisecond
037,03700078,1970-01-01 04:50:57,GLOBAL HEART RATE,3027018,Heart rate,120,4118124,beats/min
037,03700078,1970-01-01 04:50:57,MCL1 STJ60,21490662,ST amplitude.lead MCL1,-82,9461,bel microvolt
037,03700078,1970-01-01 04:50:57,GLOBAL QRS Dur,3022022,QRS duration,172,9593,millisecond
037,03700078,1970-01-01 04:50:57,GLOBAL QRS DUR,3022022,QRS duration,160,9593,millisecond
037,03700078,1970-01-01 04:50:57,GLOBAL PR INT,3007794,P-R Interval,86,9593,millisecond
037,03700078,1970-01-01 04:50:57,GLOBAL QT,3025809,Q-T interval,388,9593,millisecond
037,03700079,1970-01-01 05:00:58,GLOBAL QTc,3026258,Q-T interval corrected,488,9593,millisecond
037,03700079,1970-01-01 05:00:58,GLOBAL HEART RATE,3027018,Heart rate,120,4118124,beats/min
037,03700079,1970-01-01 05:00:58,MCL1 STJ60,21490662,ST amplitude.lead MCL1,-97,9461,bel microvolt
037,03700079,1970-01-01 05:00:58,GLOBAL QRS Dur,3022022,QRS duration,172,9593,millisecond
037,03700079,1970-01-01 05:00:58,GLOBAL QRS DUR,3022022,QRS duration,160,9593,millisecond
037,03700079,1970-01-01 05:00:58,GLOBAL PR INT,3007794,P-R Interval,86,9593,millisecond
037,03700079,1970-01-01 05:00:58,GLOBAL QT,3025809,Q-T interval,388,9593,millisecond
037,03700080,1970-01-01 05:10:59,GLOBAL QTc,3026258,Q-T interval corrected,488,9593,millisecond
037,03700080,1970-01-01 05:10:59,GLOBAL HEART RATE,3027018,Heart rate,120,4118124,beats/min
037,03700080,1970-01-01 05:10:59,MCL1 STJ60,21490662,ST amplitude.lead MCL1,-90,9461,bel microvolt
037,03700080,1970-01-01 05:10:59,GLOBAL QRS Dur,3022022,QRS duration,172,9593,millisecond
037,03700080,1970-01-01 05:10:59,GLOBAL QRS DUR,3022022,QRS duration,160,9593,millisecond
037,03700080,1970-01-01 05:10:59,GLOBAL PR INT,3007794,P-R Interval,86,9593,millisecond
037,03700080,1970-01-01 05:10:59,GLOBAL QT,3025809,Q-T interval,388,9593,millisecond
037,03700081,1970-01-01 05:20:59,GLOBAL QTc,3026258,Q-T interval corrected,488,9593,millisecond
037,03700081,1970-01-01 05:20:59,GLOBAL HEART RATE,3027018,Heart rate,120,4118124,beats/min
037,03700081,1970-01-01 05:20:59,MCL1 STJ60,21490662,ST amplitude.lead MCL1,-90,9461,bel microvolt
037,03700081,1970-01-01 05:20:59,GLOBAL QRS Dur,3022022,QRS duration,172,9593,millisecond
037,03700081,1970-01-01 05:20:59,GLOBAL QRS DUR,3022022,QRS duration,160,9593,millisecond
037,03700081,1970-01-01 05:20:59,GLOBAL PR INT,3007794,P-R Interval,86,9593,millisecond
037,03700081,1970-01-01 05:20:59,GLOBAL QT,3025809,Q-T interval,388,9593,millisecond
037,03700082,1970-01-01 05:31:00,GLOBAL QTc,3026258,Q-T interval corrected,424,9593,millisecond
037,03700082,1970-01-01 05:31:00,GLOBAL HEART RATE,3027018,Heart rate,129,4118124,beats/min
037,03700082,1970-01-01 05:31:00,MCL1 STJ60,21490662,ST amplitude.lead MCL1,-81,9461,bel microvolt
037,03700082,1970-01-01 05:31:00,GLOBAL QRS Dur,3022022,QRS duration,126,9593,millisecond
037,03700082,1970-01-01 05:31:00,GLOBAL QRS DUR,3022022,QRS duration,102,9593,millisecond
037,03700082,1970-01-01 05:31:00,GLOBAL PR INT,3007794,P-R Interval,80,9593,millisecond
037,03700082,1970-01-01 05:31:00,GLOBAL QT,3025809,Q-T interval,328,9593,millisecond
037,03700083,1970-01-01 05:41:01,GLOBAL QTc,3026258,Q-T interval corrected,424,9593,millisecond
037,03700083,1970-01-01 05:41:01,GLOBAL HEART RATE,3027018,Heart rate,129,4118124,beats/min
037,03700083,1970-01-01 05:41:01,MCL1 STJ60,21490662,ST amplitude.lead MCL1,-76,9461,bel microvolt
037,03700083,1970-01-01 05:41:01,GLOBAL QRS Dur,3022022,QRS duration,126,9593,millisecond
037,03700083,1970-01-01 05:41:01,GLOBAL QRS DUR,3022022,QRS duration,102,9593,millisecond
037,03700083,1970-01-01 05:41:01,GLOBAL PR INT,3007794,P-R Interval,80,9593,millisecond
037,03700083,1970-01-01 05:41:01,GLOBAL QT,3025809,Q-T interval,328,9593,millisecond
037,03700084,1970-01-01 05:51:02,GLOBAL QTc,3026258,Q-T interval corrected,424,9593,millisecond
037,03700084,1970-01-01 05:51:02,GLOBAL HEART RATE,3027018,Heart rate,129,4118124,beats/min
037,03700084,1970-01-01 05:51:02,MCL1 STJ60,21490662,ST amplitude.lead MCL1,-79,9461,bel microvolt
037,03700084,1970-01-01 05:51:02,GLOBAL QRS Dur,3022022,QRS duration,126,9593,millisecond
037,03700084,1970-01-01 05:51:02,GLOBAL QRS DUR,3022022,QRS duration,102,9593,millisecond
037,03700084,1970-01-01 05:51:02,GLOBAL PR INT,3007794,P-R Interval,80,9593,millisecond
037,03700084,1970-01-01 05:51:02,GLOBAL QT,3025809,Q-T interval,328,9593,millisecond
037,03700085,1970-01-01 06:01:02,GLOBAL QTc,3026258,Q-T interval corrected,424,9593,millisecond
037,03700085,1970-01-01 06:01:02,GLOBAL HEART RATE,3027018,Heart rate,129,4118124,beats/min
037,03700085,1970-01-01 06:01:02,MCL1 STJ60,21490662,ST amplitude.lead MCL1,-81,9461,bel microvolt
037,03700085,1970-01-01 06:01:02,GLOBAL QRS Dur,3022022,QRS duration,126,9593,millisecond
037,03700085,1970-01-01 06:01:02,GLOBAL QRS DUR,3022022,QRS duration,102,9593,millisecond
037,03700085,1970-01-01 06:01:02,GLOBAL PR INT,3007794,P-R Interval,80,9593,millisecond
037,03700085,1970-01-01 06:01:02,GLOBAL QT,3025809,Q-T interval,328,9593,millisecond
037,03700086,1970-01-01 06:11:03,GLOBAL QTc,3026258,Q-T interval corrected,424,9593,millisecond
037,03700086,1970-01-01 06:11:03,GLOBAL HEART RATE,3027018,Heart rate,129,4118124,beats/min
037,03700086,1970-01-01 06:11:03,MCL1 STJ60,21490662,ST amplitude.lead MCL1,-70,9461,bel microvolt
037,03700086,1970-01-01 06:11:03,GLOBAL QRS Dur,3022022,QRS duration,126,9593,millisecond
037,03700086,1970-01-01 06:11:03,GLOBAL QRS DUR,3022022,QRS duration,102,9593,millisecond
037,03700086,1970-01-01 06:11:03,GLOBAL PR INT,3007794,P-R Interval,80,9593,millisecond
037,03700086,1970-01-01 06:11:03,GLOBAL QT,3025809,Q-T interval,328,9593,millisecond
037,03700087,1970-01-01 06:21:04,GLOBAL QTc,3026258,Q-T interval corrected,424,9593,millisecond
037,03700087,1970-01-01 06:21:04,GLOBAL HEART RATE,3027018,Heart rate,129,4118124,beats/min
037,03700087,1970-01-01 06:21:04,MCL1 STJ60,21490662,ST amplitude.lead MCL1,-74,9461,bel microvolt
037,03700087,1970-01-01 06:21:04,GLOBAL QRS Dur,3022022,QRS duration,126,9593,millisecond
037,03700087,1970-01-01 06:21:04,GLOBAL QRS DUR,3022022,QRS duration,102,9593,millisecond
037,03700087,1970-01-01 06:21:04,GLOBAL PR INT,3007794,P-R Interval,80,9593,millisecond
037,03700087,1970-01-01 06:21:04,GLOBAL QT,3025809,Q-T interval,328,9593,millisecond
037,03700088,1970-01-01 06:31:05,GLOBAL QTc,3026258,Q-T interval corrected,424,9593,millisecond
037,03700088,1970-01-01 06:31:05,GLOBAL HEART RATE,3027018,Heart rate,129,4118124,beats/min
037,03700088,1970-01-01 06:31:05,MCL1 STJ60,21490662,ST amplitude.lead MCL1,-72,9461,bel microvolt
037,03700088,1970-01-01 06:31:05,GLOBAL QRS Dur,3022022,QRS duration,126,9593,millisecond
037,03700088,1970-01-01 06:31:05,GLOBAL QRS DUR,3022022,QRS duration,102,9593,millisecond
037,03700088,1970-01-01 06:31:05,GLOBAL PR INT,3007794,P-R Interval,80,9593,millisecond
037,03700088,1970-01-01 06:31:05,GLOBAL QT,3025809,Q-T interval,328,9593,millisecond
037,03700089,1970-01-01 06:41:05,GLOBAL QTc,3026258,Q-T interval corrected,396,9593,millisecond
037,03700089,1970-01-01 06:41:05,GLOBAL HEART RATE,3027018,Heart rate,138,4118124,beats/min
037,03700089,1970-01-01 06:41:05,MCL1 STJ60,21490662,ST amplitude.lead MCL1,-75,9461,bel microvolt
037,03700089,1970-01-01 06:41:05,GLOBAL QRS Dur,3022022,QRS duration,124,9593,millisecond
037,03700089,1970-01-01 06:41:05,GLOBAL PR INT,3007794,P-R Interval,200,9593,millisecond
037,03700089,1970-01-01 06:41:05,GLOBAL QT,3025809,Q-T interval,300,9593,millisecond
037,03700090,1970-01-01 06:51:06,GLOBAL QTc,3026258,Q-T interval corrected,426,9593,millisecond
037,03700090,1970-01-01 06:51:06,GLOBAL HEART RATE,3027018,Heart rate,138,4118124,beats/min
037,03700090,1970-01-01 06:51:06,MCL1 STJ60,21490662,ST amplitude.lead MCL1,-91,9461,bel microvolt
037,03700090,1970-01-01 06:51:06,GLOBAL QRS Dur,3022022,QRS duration,124,9593,millisecond
037,03700090,1970-01-01 06:51:06,GLOBAL QRS DUR,3022022,QRS duration,126,9593,millisecond
037,03700090,1970-01-01 06:51:06,GLOBAL PR INT,3007794,P-R Interval,106,9593,millisecond
037,03700090,1970-01-01 06:51:06,GLOBAL QT,3025809,Q-T interval,322,9593,millisecond
037,03700091,1970-01-01 07:01:07,GLOBAL QTc,3026258,Q-T interval corrected,426,9593,millisecond
037,03700091,1970-01-01 07:01:07,GLOBAL HEART RATE,3027018,Heart rate,138,4118124,beats/min
037,03700091,1970-01-01 07:01:07,MCL1 STJ60,21490662,ST amplitude.lead MCL1,-57,9461,bel microvolt
037,03700091,1970-01-01 07:01:07,GLOBAL QRS Dur,3022022,QRS duration,124,9593,millisecond
037,03700091,1970-01-01 07:01:07,GLOBAL QRS DUR,3022022,QRS duration,126,9593,millisecond
037,03700091,1970-01-01 07:01:07,GLOBAL PR INT,3007794,P-R Interval,106,9593,millisecond
037,03700091,1970-01-01 07:01:07,GLOBAL QT,3025809,Q-T interval,322,9593,millisecond
037,03700092,1970-01-01 07:11:08,GLOBAL QTc,3026258,Q-T interval corrected,426,9593,millisecond
037,03700092,1970-01-01 07:11:08,GLOBAL HEART RATE,3027018,Heart rate,138,4118124,beats/min
037,03700092,1970-01-01 07:11:08,MCL1 STJ60,21490662,ST amplitude.lead MCL1,-77,9461,bel microvolt
037,03700092,1970-01-01 07:11:08,GLOBAL QRS Dur,3022022,QRS duration,124,9593,millisecond
037,03700092,1970-01-01 07:11:08,GLOBAL QRS DUR,3022022,QRS duration,126,9593,millisecond
037,03700092,1970-01-01 07:11:08,GLOBAL PR INT,3007794,P-R Interval,106,9593,millisecond
037,03700092,1970-01-01 07:11:08,GLOBAL QT,3025809,Q-T interval,322,9593,millisecond
037,03700093,1970-01-01 07:21:08,GLOBAL QTc,3026258,Q-T interval corrected,426,9593,millisecond
037,03700093,1970-01-01 07:21:08,GLOBAL HEART RATE,3027018,Heart rate,138,4118124,beats/min
037,03700093,1970-01-01 07:21:08,MCL1 STJ60,21490662,ST amplitude.lead MCL1,-75,9461,bel microvolt
037,03700093,1970-01-01 07:21:08,GLOBAL QRS Dur,3022022,QRS duration,124,9593,millisecond
037,03700093,1970-01-01 07:21:08,GLOBAL QRS DUR,3022022,QRS duration,126,9593,millisecond
037,03700093,1970-01-01 07:21:08,GLOBAL PR INT,3007794,P-R Interval,106,9593,millisecond
037,03700093,1970-01-01 07:21:08,GLOBAL QT,3025809,Q-T interval,322,9593,millisecond
037,03700094,1970-01-01 07:31:09,GLOBAL QTc,3026258,Q-T interval corrected,438,9593,millisecond
037,03700094,1970-01-01 07:31:09,GLOBAL HEART RATE,3027018,Heart rate,73,4118124,beats/min
037,03700094,1970-01-01 07:31:09,MCL1 STJ60,21490662,ST amplitude.lead MCL1,-149,9461,bel microvolt
037,03700094,1970-01-01 07:31:09,GLOBAL QRS Dur,3022022,QRS duration,142,9593,millisecond
037,03700094,1970-01-01 07:31:09,GLOBAL PR INT,3007794,P-R Interval,-10,9593,millisecond
037,03700094,1970-01-01 07:31:09,GLOBAL QT,3025809,Q-T interval,408,9593,millisecond
037,03700095,1970-01-01 07:41:10,GLOBAL QTc,3026258,Q-T interval corrected,416,9593,millisecond
037,03700095,1970-01-01 07:41:10,GLOBAL HEART RATE,3027018,Heart rate,103,4118124,beats/min
037,03700095,1970-01-01 07:41:10,MCL1 STJ60,21490662,ST amplitude.lead MCL1,-19,9461,bel microvolt
037,03700095,1970-01-01 07:41:10,GLOBAL QRS Dur,3022022,QRS duration,114,9593,millisecond
037,03700095,1970-01-01 07:41:10,GLOBAL PR INT,3007794,P-R Interval,200,9593,millisecond
037,03700095,1970-01-01 07:41:10,GLOBAL QT,3025809,Q-T interval,346,9593,millisecond
037,03700096,1970-01-01 07:51:11,GLOBAL QTc,3026258,Q-T interval corrected,426,9593,millisecond
037,03700096,1970-01-01 07:51:11,GLOBAL HEART RATE,3027018,Heart rate,138,4118124,beats/min
037,03700096,1970-01-01 07:51:11,MCL1 STJ60,21490662,ST amplitude.lead MCL1,-79,9461,bel microvolt
037,03700096,1970-01-01 07:51:11,GLOBAL QRS Dur,3022022,QRS duration,124,9593,millisecond
037,03700096,1970-01-01 07:51:11,GLOBAL QRS DUR,3022022,QRS duration,126,9593,millisecond
037,03700096,1970-01-01 07:51:11,GLOBAL PR INT,3007794,P-R Interval,106,9593,millisecond
037,03700096,1970-01-01 07:51:11,GLOBAL QT,3025809,Q-T interval,322,9593,millisecond
037,03700097,1970-01-01 08:01:11,GLOBAL QTc,3026258,Q-T interval corrected,426,9593,millisecond
037,03700097,1970-01-01 08:01:11,GLOBAL HEART RATE,3027018,Heart rate,138,4118124,beats/min
037,03700097,1970-01-01 08:01:11,MCL1 STJ60,21490662,ST amplitude.lead MCL1,-71,9461,bel microvolt
037,03700097,1970-01-01 08:01:11,GLOBAL QRS Dur,3022022,QRS duration,124,9593,millisecond
037,03700097,1970-01-01 08:01:11,GLOBAL QRS DUR,3022022,QRS duration,126,9593,millisecond
037,03700097,1970-01-01 08:01:11,GLOBAL PR INT,3007794,P-R Interval,106,9593,millisecond
037,03700097,1970-01-01 08:01:11,GLOBAL QT,3025809,Q-T interval,322,9593,millisecond
037,03700098,1970-01-01 08:11:12,GLOBAL QTc,3026258,Q-T interval corrected,426,9593,millisecond
037,03700098,1970-01-01 08:11:12,GLOBAL HEART RATE,3027018,Heart rate,138,4118124,beats/min
037,03700098,1970-01-01 08:11:12,MCL1 STJ60,21490662,ST amplitude.lead MCL1,-88,9461,bel microvolt
037,03700098,1970-01-01 08:11:12,GLOBAL QRS Dur,3022022,QRS duration,124,9593,millisecond
037,03700098,1970-01-01 08:11:12,GLOBAL QRS DUR,3022022,QRS duration,126,9593,millisecond
037,03700098,1970-01-01 08:11:12,GLOBAL PR INT,3007794,P-R Interval,106,9593,millisecond
037,03700098,1970-01-01 08:11:12,GLOBAL QT,3025809,Q-T interval,322,9593,millisecond
037,03700099,1970-01-01 08:21:13,GLOBAL QTc,3026258,Q-T interval corrected,426,9593,millisecond
037,03700099,1970-01-01 08:21:13,GLOBAL HEART RATE,3027018,Heart rate,138,4118124,beats/min
037,03700099,1970-01-01 08:21:13,MCL1 STJ60,21490662,ST amplitude.lead MCL1,-84,9461,bel microvolt
037,03700099,1970-01-01 08:21:13,GLOBAL QRS Dur,3022022,QRS duration,124,9593,millisecond
037,03700099,1970-01-01 08:21:13,GLOBAL QRS DUR,3022022,QRS duration,126,9593,millisecond
037,03700099,1970-01-01 08:21:13,GLOBAL PR INT,3007794,P-R Interval,106,9593,millisecond
037,03700099,1970-01-01 08:21:13,GLOBAL QT,3025809,Q-T interval,322,9593,millisecond
037,03700100,1970-01-01 08:31:14,GLOBAL QTc,3026258,Q-T interval corrected,426,9593,millisecond
037,03700100,1970-01-01 08:31:14,GLOBAL HEART RATE,3027018,Heart rate,138,4118124,beats/min
037,03700100,1970-01-01 08:31:14,MCL1 STJ60,21490662,ST amplitude.lead MCL1,-78,9461,bel microvolt
037,03700100,1970-01-01 08:31:14,GLOBAL QRS Dur,3022022,QRS duration,124,9593,millisecond
037,03700100,1970-01-01 08:31:14,GLOBAL QRS DUR,3022022,QRS duration,126,9593,millisecond
037,03700100,1970-01-01 08:31:14,GLOBAL PR INT,3007794,P-R Interval,106,9593,millisecond
037,03700100,1970-01-01 08:31:14,GLOBAL QT,3025809,Q-T interval,322,9593,millisecond
037,03700101,1970-01-01 08:41:14,GLOBAL QTc,3026258,Q-T interval corrected,426,9593,millisecond
037,03700101,1970-01-01 08:41:14,GLOBAL HEART RATE,3027018,Heart rate,138,4118124,beats/min
037,03700101,1970-01-01 08:41:14,MCL1 STJ60,21490662,ST amplitude.lead MCL1,-80,9461,bel microvolt
037,03700101,1970-01-01 08:41:14,GLOBAL QRS Dur,3022022,QRS duration,124,9593,millisecond
037,03700101,1970-01-01 08:41:14,GLOBAL QRS DUR,3022022,QRS duration,126,9593,millisecond
037,03700101,1970-01-01 08:41:14,GLOBAL PR INT,3007794,P-R Interval,106,9593,millisecond
037,03700101,1970-01-01 08:41:14,GLOBAL QT,3025809,Q-T interval,322,9593,millisecond
037,03700102,1970-01-01 08:51:15,GLOBAL QTc,3026258,Q-T interval corrected,426,9593,millisecond
037,03700102,1970-01-01 08:51:15,GLOBAL HEART RATE,3027018,Heart rate,138,4118124,beats/min
037,03700102,1970-01-01 08:51:15,MCL1 STJ60,21490662,ST amplitude.lead MCL1,-70,9461,bel microvolt
037,03700102,1970-01-01 08:51:15,GLOBAL QRS Dur,3022022,QRS duration,124,9593,millisecond
037,03700102,1970-01-01 08:51:15,GLOBAL QRS DUR,3022022,QRS duration,126,9593,millisecond
037,03700102,1970-01-01 08:51:15,GLOBAL PR INT,3007794,P-R Interval,106,9593,millisecond
037,03700102,1970-01-01 08:51:15,GLOBAL QT,3025809,Q-T interval,322,9593,millisecond
037,03700103,1970-01-01 09:01:16,GLOBAL QTc,3026258,Q-T interval corrected,426,9593,millisecond
037,03700103,1970-01-01 09:01:16,GLOBAL HEART RATE,3027018,Heart rate,138,4118124,beats/min
037,03700103,1970-01-01 09:01:16,MCL1 STJ60,21490662,ST amplitude.lead MCL1,-71,9461,bel microvolt
037,03700103,1970-01-01 09:01:16,GLOBAL QRS Dur,3022022,QRS duration,124,9593,millisecond
037,03700103,1970-01-01 09:01:16,GLOBAL QRS DUR,3022022,QRS duration,126,9593,millisecond
037,03700103,1970-01-01 09:01:16,GLOBAL PR INT,3007794,P-R Interval,106,9593,millisecond
037,03700103,1970-01-01 09:01:16,GLOBAL QT,3025809,Q-T interval,322,9593,millisecond
037,03700104,1970-01-01 09:11:17,GLOBAL QTc,3026258,Q-T interval corrected,396,9593,millisecond
037,03700104,1970-01-01 09:11:17,GLOBAL HEART RATE,3027018,Heart rate,73,4118124,beats/min
037,03700104,1970-01-01 09:11:17,MCL1 STJ60,21490662,ST amplitude.lead MCL1,-142,9461,bel microvolt
037,03700104,1970-01-01 09:11:17,GLOBAL QRS Dur,3022022,QRS duration,142,9593,millisecond
037,03700104,1970-01-01 09:11:17,GLOBAL QRS DUR,3022022,QRS duration,150,9593,millisecond
037,03700104,1970-01-01 09:11:17,GLOBAL PR INT,3007794,P-R Interval,74,9593,millisecond
037,03700104,1970-01-01 09:11:17,GLOBAL QT,3025809,Q-T interval,370,9593,millisecond
037,03700105,1970-01-01 09:21:17,GLOBAL QTc,3026258,Q-T interval corrected,454,9593,millisecond
037,03700105,1970-01-01 09:21:17,GLOBAL HEART RATE,3027018,Heart rate,37,4118124,beats/min
037,03700105,1970-01-01 09:21:17,MCL1 STJ60,21490662,ST amplitude.lead MCL1,-53,9461,bel microvolt
037,03700105,1970-01-01 09:21:17,GLOBAL QRS Dur,3022022,QRS duration,110,9593,millisecond
037,03700105,1970-01-01 09:21:17,GLOBAL PR INT,3007794,P-R Interval,200,9593,millisecond
037,03700105,1970-01-01 09:21:17,GLOBAL QT,3025809,Q-T interval,530,9593,millisecond
037,03700106,1970-01-01 09:31:18,GLOBAL QTc,3026258,Q-T interval corrected,382,9593,millisecond
037,03700106,1970-01-01 09:31:18,GLOBAL HEART RATE,3027018,Heart rate,26,4118124,beats/min
037,03700106,1970-01-01 09:31:18,MCL1 STJ60,21490662,ST amplitude.lead MCL1,-34,9461,bel microvolt
037,03700106,1970-01-01 09:31:18,GLOBAL QRS Dur,3022022,QRS duration,110,9593,millisecond
037,03700106,1970-01-01 09:31:18,GLOBAL PR INT,3007794,P-R Interval,200,9593,millisecond
037,03700106,1970-01-01 09:31:18,GLOBAL QT,3025809,Q-T interval,500,9593,millisecond
037,03700107,1970-01-01 09:41:19,GLOBAL QTc,3026258,Q-T interval corrected,446,9593,millisecond
037,03700107,1970-01-01 09:41:19,GLOBAL HEART RATE,3027018,Heart rate,34,4118124,beats/min
037,03700107,1970-01-01 09:41:19,MCL1 STJ60,21490662,ST amplitude.lead MCL1,2,9461,bel microvolt
037,03700107,1970-01-01 09:41:19,GLOBAL QRS Dur,3022022,QRS duration,114,9593,millisecond
037,03700107,1970-01-01 09:41:19,GLOBAL PR INT,3007794,P-R Interval,200,9593,millisecond
037,03700107,1970-01-01 09:41:19,GLOBAL QT,3025809,Q-T interval,538,9593,millisecond
037,03700108,1970-01-01 09:51:20,GLOBAL QTc,3026258,Q-T interval corrected,426,9593,millisecond
037,03700108,1970-01-01 09:51:20,GLOBAL HEART RATE,3027018,Heart rate,138,4118124,beats/min
037,03700108,1970-01-01 09:51:20,MCL1 STJ60,21490662,ST amplitude.lead MCL1,-58,9461,bel microvolt
037,03700108,1970-01-01 09:51:20,GLOBAL QRS Dur,3022022,QRS duration,124,9593,millisecond
037,03700108,1970-01-01 09:51:20,GLOBAL QRS DUR,3022022,QRS duration,126,9593,millisecond
037,03700108,1970-01-01 09:51:20,GLOBAL PR INT,3007794,P-R Interval,106,9593,millisecond
037,03700108,1970-01-01 09:51:20,GLOBAL QT,3025809,Q-T interval,322,9593,millisecond
037,03700109,1970-01-01 10:01:20,GLOBAL QTc,3026258,Q-T interval corrected,426,9593,millisecond
037,03700109,1970-01-01 10:01:20,GLOBAL HEART RATE,3027018,Heart rate,138,4118124,beats/min
037,03700109,1970-01-01 10:01:20,MCL1 STJ60,21490662,ST amplitude.lead MCL1,-80,9461,bel microvolt
037,03700109,1970-01-01 10:01:20,GLOBAL QRS Dur,3022022,QRS duration,124,9593,millisecond
037,03700109,1970-01-01 10:01:20,GLOBAL QRS DUR,3022022,QRS duration,126,9593,millisecond
037,03700109,1970-01-01 10:01:20,GLOBAL PR INT,3007794,P-R Interval,106,9593,millisecond
037,03700109,1970-01-01 10:01:20,GLOBAL QT,3025809,Q-T interval,322,9593,millisecond
037,03700110,1970-01-01 10:11:21,GLOBAL QTc,3026258,Q-T interval corrected,434,9593,millisecond
037,03700110,1970-01-01 10:11:21,GLOBAL HEART RATE,3027018,Heart rate,124,4118124,beats/min
037,03700110,1970-01-01 10:11:21,MCL1 STJ60,21490662,ST amplitude.lead MCL1,-39,9461,bel microvolt
037,03700110,1970-01-01 10:11:21,GLOBAL QRS Dur,3022022,QRS duration,124,9593,millisecond
037,03700110,1970-01-01 10:11:21,GLOBAL QRS DUR,3022022,QRS duration,126,9593,millisecond
037,03700110,1970-01-01 10:11:21,GLOBAL PR INT,3007794,P-R Interval,104,9593,millisecond
037,03700110,1970-01-01 10:11:21,GLOBAL QT,3025809,Q-T interval,340,9593,millisecond
037,03700111,1970-01-01 10:21:22,GLOBAL QTc,3026258,Q-T interval corrected,396,9593,millisecond
037,03700111,1970-01-01 10:21:22,GLOBAL HEART RATE,3027018,Heart rate,73,4118124,beats/min
037,03700111,1970-01-01 10:21:22,MCL1 STJ60,21490662,ST amplitude.lead MCL1,-144,9461,bel microvolt
037,03700111,1970-01-01 10:21:22,GLOBAL QRS Dur,3022022,QRS duration,142,9593,millisecond
037,03700111,1970-01-01 10:21:22,GLOBAL QRS DUR,3022022,QRS duration,150,9593,millisecond
037,03700111,1970-01-01 10:21:22,GLOBAL PR INT,3007794,P-R Interval,74,9593,millisecond
037,03700111,1970-01-01 10:21:22,GLOBAL QT,3025809,Q-T interval,370,9593,millisecond
037,03700112,1970-01-01 10:31:23,GLOBAL QTc,3026258,Q-T interval corrected,456,9593,millisecond
037,03700112,1970-01-01 10:31:23,GLOBAL HEART RATE,3027018,Heart rate,38,4118124,beats/min
037,03700112,1970-01-01 10:31:23,MCL1 STJ60,21490662,ST amplitude.lead MCL1,-70,9461,bel microvolt
037,03700112,1970-01-01 10:31:23,GLOBAL QRS Dur,3022022,QRS duration,154,9593,millisecond
037,03700112,1970-01-01 10:31:23,GLOBAL PR INT,3007794,P-R Interval,200,9593,millisecond
037,03700112,1970-01-01 10:31:23,GLOBAL QT,3025809,Q-T interval,526,9593,millisecond
037,03700113,1970-01-01 10:41:23,GLOBAL QTc,3026258,Q-T interval corrected,258,9593,millisecond
037,03700113,1970-01-01 10:41:23,GLOBAL HEART RATE,3027018,Heart rate,26,4118124,beats/min
037,03700113,1970-01-01 10:41:23,MCL1 STJ60,21490662,ST amplitude.lead MCL1,-16,9461,bel microvolt
037,03700113,1970-01-01 10:41:23,GLOBAL QRS Dur,3022022,QRS duration,110,9593,millisecond
037,03700113,1970-01-01 10:41:23,GLOBAL QRS DUR,3022022,QRS duration,102,9593,millisecond
037,03700113,1970-01-01 10:41:23,GLOBAL PR INT,3007794,P-R Interval,80,9593,millisecond
037,03700113,1970-01-01 10:41:23,GLOBAL QT,3025809,Q-T interval,338,9593,millisecond
037,03700114,1970-01-01 10:51:24,GLOBAL QTc,3026258,Q-T interval corrected,258,9593,millisecond
037,03700114,1970-01-01 10:51:24,GLOBAL HEART RATE,3027018,Heart rate,26,4118124,beats/min
037,03700114,1970-01-01 10:51:24,MCL1 STJ60,21490662,ST amplitude.lead MCL1,-16,9461,bel microvolt
037,03700114,1970-01-01 10:51:24,GLOBAL QRS Dur,3022022,QRS duration,110,9593,millisecond
037,03700114,1970-01-01 10:51:24,GLOBAL QRS DUR,3022022,QRS duration,102,9593,millisecond
037,03700114,1970-01-01 10:51:24,GLOBAL PR INT,3007794,P-R Interval,80,9593,millisecond
037,03700114,1970-01-01 10:51:24,GLOBAL QT,3025809,Q-T interval,338,9593,millisecond
037,03700115,1970-01-01 11:01:25,GLOBAL QTc,3026258,Q-T interval corrected,396,9593,millisecond
037,03700115,1970-01-01 11:01:25,GLOBAL HEART RATE,3027018,Heart rate,73,4118124,beats/min
037,03700115,1970-01-01 11:01:25,MCL1 STJ60,21490662,ST amplitude.lead MCL1,-138,9461,bel microvolt
037,03700115,1970-01-01 11:01:25,GLOBAL QRS Dur,3022022,QRS duration,142,9593,millisecond
037,03700115,1970-01-01 11:01:25,GLOBAL QRS DUR,3022022,QRS duration,150,9593,millisecond
037,03700115,1970-01-01 11:01:25,GLOBAL PR INT,3007794,P-R Interval,74,9593,millisecond
037,03700115,1970-01-01 11:01:25,GLOBAL QT,3025809,Q-T interval,370,9593,millisecond
037,03700116,1970-01-01 11:11:26,GLOBAL QTc,3026258,Q-T interval corrected,440,9593,millisecond
037,03700116,1970-01-01 11:11:26,GLOBAL HEART RATE,3027018,Heart rate,71,4118124,beats/min
037,03700116,1970-01-01 11:11:26,MCL1 STJ60,21490662,ST amplitude.lead MCL1,-14,9461,bel microvolt
037,03700116,1970-01-01 11:11:26,GLOBAL QRS Dur,3022022,QRS duration,108,9593,millisecond
037,03700116,1970-01-01 11:11:26,GLOBAL PR INT,3007794,P-R Interval,200,9593,millisecond
037,03700116,1970-01-01 11:11:26,GLOBAL QT,3025809,Q-T interval,414,9593,millisecond
037,03700117,1970-01-01 11:21:26,GLOBAL QTc,3026258,Q-T interval corrected,426,9593,millisecond
037,03700117,1970-01-01 11:21:26,GLOBAL HEART RATE,3027018,Heart rate,138,4118124,beats/min
037,03700117,1970-01-01 11:21:26,MCL1 STJ60,21490662,ST amplitude.lead MCL1,-90,9461,bel microvolt
037,03700117,1970-01-01 11:21:26,GLOBAL QRS Dur,3022022,QRS duration,124,9593,millisecond
037,03700117,1970-01-01 11:21:26,GLOBAL QRS DUR,3022022,QRS duration,126,9593,millisecond
037,03700117,1970-01-01 11:21:26,GLOBAL PR INT,3007794,P-R Interval,106,9593,millisecond
037,03700117,1970-01-01 11:21:26,GLOBAL QT,3025809,Q-T interval,322,9593,millisecond
037,03700118,1970-01-01 11:31:27,GLOBAL QTc,3026258,Q-T interval corrected,396,9593,millisecond
037,03700118,1970-01-01 11:31:27,GLOBAL HEART RATE,3027018,Heart rate,73,4118124,beats/min
037,03700118,1970-01-01 11:31:27,MCL1 STJ60,21490662,ST amplitude.lead MCL1,-140,9461,bel microvolt
037,03700118,1970-01-01 11:31:27,GLOBAL QRS Dur,3022022,QRS duration,142,9593,millisecond
037,03700118,1970-01-01 11:31:27,GLOBAL QRS DUR,3022022,QRS duration,150,9593,millisecond
037,03700118,1970-01-01 11:31:27,GLOBAL PR INT,3007794,P-R Interval,74,9593,millisecond
037,03700118,1970-01-01 11:31:27,GLOBAL QT,3025809,Q-T interval,370,9593,millisecond
037,03700119,1970-01-01 11:41:28,GLOBAL QTc,3026258,Q-T interval corrected,396,9593,millisecond
037,03700119,1970-01-01 11:41:28,GLOBAL HEART RATE,3027018,Heart rate,73,4118124,beats/min
037,03700119,1970-01-01 11:41:28,MCL1 STJ60,21490662,ST amplitude.lead MCL1,-133,9461,bel microvolt
037,03700119,1970-01-01 11:41:28,GLOBAL QRS Dur,3022022,QRS duration,142,9593,millisecond
037,03700119,1970-01-01 11:41:28,GLOBAL QRS DUR,3022022,QRS duration,150,9593,millisecond
037,03700119,1970-01-01 11:41:28,GLOBAL PR INT,3007794,P-R Interval,74,9593,millisecond
037,03700119,1970-01-01 11:41:28,GLOBAL QT,3025809,Q-T interval,370,9593,millisecond
037,03700120,1970-01-01 11:51:29,GLOBAL QTc,3026258,Q-T interval corrected,444,9593,millisecond
037,03700120,1970-01-01 11:51:29,GLOBAL HEART RATE,3027018,Heart rate,66,4118124,beats/min
037,03700120,1970-01-01 11:51:29,MCL1 STJ60,21490662,ST amplitude.lead MCL1,-40,9461,bel microvolt
037,03700120,1970-01-01 11:51:29,GLOBAL QRS Dur,3022022,QRS duration,140,9593,millisecond
037,03700120,1970-01-01 11:51:29,GLOBAL PR INT,3007794,P-R Interval,200,9593,millisecond
037,03700120,1970-01-01 11:51:29,GLOBAL QT,3025809,Q-T interval,430,9593,millisecond
037,03700121,1970-01-01 12:01:29,GLOBAL QTc,3026258,Q-T interval corrected,438,9593,millisecond
037,03700121,1970-01-01 12:01:29,GLOBAL HEART RATE,3027018,Heart rate,75,4118124,beats/min
037,03700121,1970-01-01 12:01:29,MCL1 STJ60,21490662,ST amplitude.lead MCL1,-56,9461,bel microvolt
037,03700121,1970-01-01 12:01:29,GLOBAL QRS Dur,3022022,QRS duration,136,9593,millisecond
037,03700121,1970-01-01 12:01:29,GLOBAL PR INT,3007794,P-R Interval,200,9593,millisecond
037,03700121,1970-01-01 12:01:29,GLOBAL QT,3025809,Q-T interval,404,9593,millisecond
037,03700122,1970-01-01 12:11:30,GLOBAL QTc,3026258,Q-T interval corrected,434,9593,millisecond
037,03700122,1970-01-01 12:11:30,GLOBAL HEART RATE,3027018,Heart rate,78,4118124,beats/min
037,03700122,1970-01-01 12:11:30,MCL1 STJ60,21490662,ST amplitude.lead MCL1,-75,9461,bel microvolt
037,03700122,1970-01-01 12:11:30,GLOBAL QRS Dur,3022022,QRS duration,128,9593,millisecond
037,03700122,1970-01-01 12:11:30,GLOBAL PR INT,3007794,P-R Interval,200,9593,millisecond
037,03700122,1970-01-01 12:11:30,GLOBAL QT,3025809,Q-T interval,396,9593,millisecond
037,03700123,1970-01-01 12:21:31,GLOBAL QTc,3026258,Q-T interval corrected,396,9593,millisecond
037,03700123,1970-01-01 12:21:31,GLOBAL HEART RATE,3027018,Heart rate,73,4118124,beats/min
037,03700123,1970-01-01 12:21:31,MCL1 STJ60,21490662,ST amplitude.lead MCL1,-125,9461,bel microvolt
037,03700123,1970-01-01 12:21:31,GLOBAL QRS Dur,3022022,QRS duration,142,9593,millisecond
037,03700123,1970-01-01 12:21:31,GLOBAL QRS DUR,3022022,QRS duration,150,9593,millisecond
037,03700123,1970-01-01 12:21:31,GLOBAL PR INT,3007794,P-R Interval,74,9593,millisecond
037,03700123,1970-01-01 12:21:31,GLOBAL QT,3025809,Q-T interval,370,9593,millisecond
037,03700124,1970-01-01 12:31:32,GLOBAL QTc,3026258,Q-T interval corrected,396,9593,millisecond
037,03700124,1970-01-01 12:31:32,GLOBAL HEART RATE,3027018,Heart rate,73,4118124,beats/min
037,03700124,1970-01-01 12:31:32,MCL1 STJ60,21490662,ST amplitude.lead MCL1,-131,9461,bel microvolt
037,03700124,1970-01-01 12:31:32,GLOBAL QRS Dur,3022022,QRS duration,142,9593,millisecond
037,03700124,1970-01-01 12:31:32,GLOBAL QRS DUR,3022022,QRS duration,150,9593,millisecond
037,03700124,1970-01-01 12:31:32,GLOBAL PR INT,3007794,P-R Interval,74,9593,millisecond
037,03700124,1970-01-01 12:31:32,GLOBAL QT,3025809,Q-T interval,370,9593,millisecond
037,03700125,1970-01-01 12:41:32,GLOBAL QTc,3026258,Q-T interval corrected,396,9593,millisecond
037,03700125,1970-01-01 12:41:32,GLOBAL HEART RATE,3027018,Heart rate,73,4118124,beats/min
037,03700125,1970-01-01 12:41:32,MCL1 STJ60,21490662,ST amplitude.lead MCL1,-136,9461,bel microvolt
037,03700125,1970-01-01 12:41:32,GLOBAL QRS Dur,3022022,QRS duration,142,9593,millisecond
037,03700125,1970-01-01 12:41:32,GLOBAL QRS DUR,3022022,QRS duration,150,9593,millisecond
037,03700125,1970-01-01 12:41:32,GLOBAL PR INT,3007794,P-R Interval,74,9593,millisecond
037,03700125,1970-01-01 12:41:32,GLOBAL QT,3025809,Q-T interval,370,9593,millisecond
037,03700126,1970-01-01 12:51:33,GLOBAL QTc,3026258,Q-T interval corrected,396,9593,millisecond
037,03700126,1970-01-01 12:51:33,GLOBAL HEART RATE,3027018,Heart rate,73,4118124,beats/min
037,03700126,1970-01-01 12:51:33,MCL1 STJ60,21490662,ST amplitude.lead MCL1,-121,9461,bel microvolt
037,03700126,1970-01-01 12:51:33,GLOBAL QRS Dur,3022022,QRS duration,142,9593,millisecond
037,03700126,1970-01-01 12:51:33,GLOBAL QRS DUR,3022022,QRS duration,150,9593,millisecond
037,03700126,1970-01-01 12:51:33,GLOBAL PR INT,3007794,P-R Interval,74,9593,millisecond
037,03700126,1970-01-01 12:51:33,GLOBAL QT,3025809,Q-T interval,370,9593,millisecond
037,03700127,1970-01-01 13:01:34,GLOBAL QTc,3026258,Q-T interval corrected,396,9593,millisecond
037,03700127,1970-01-01 13:01:34,GLOBAL HEART RATE,3027018,Heart rate,73,4118124,beats/min
037,03700127,1970-01-01 13:01:34,MCL1 STJ60,21490662,ST amplitude.lead MCL1,-150,9461,bel microvolt
037,03700127,1970-01-01 13:01:34,GLOBAL QRS Dur,3022022,QRS duration,142,9593,millisecond
037,03700127,1970-01-01 13:01:34,GLOBAL QRS DUR,3022022,QRS duration,150,9593,millisecond
037,03700127,1970-01-01 13:01:34,GLOBAL PR INT,3007794,P-R Interval,74,9593,millisecond
037,03700127,1970-01-01 13:01:34,GLOBAL QT,3025809,Q-T interval,370,9593,millisecond
037,03700128,1970-01-01 13:11:34,GLOBAL QTc,3026258,Q-T interval corrected,406,9593,millisecond
037,03700128,1970-01-01 13:11:34,GLOBAL HEART RATE,3027018,Heart rate,123,4118124,beats/min
037,03700128,1970-01-01 13:11:34,MCL1 STJ60,21490662,ST amplitude.lead MCL1,-152,9461,bel microvolt
037,03700128,1970-01-01 13:11:34,GLOBAL QRS Dur,3022022,QRS duration,106,9593,millisecond
037,03700128,1970-01-01 13:11:34,GLOBAL PR INT,3007794,P-R Interval,200,9593,millisecond
037,03700128,1970-01-01 13:11:34,GLOBAL QT,3025809,Q-T interval,318,9593,millisecond
037,03700129,1970-01-01 13:21:35,GLOBAL QTc,3026258,Q-T interval corrected,472,9593,millisecond
037,03700129,1970-01-01 13:21:35,GLOBAL HEART RATE,3027018,Heart rate,123,4118124,beats/min
037,03700129,1970-01-01 13:21:35,MCL1 STJ60,21490662,ST amplitude.lead MCL1,-157,9461,bel microvolt
037,03700129,1970-01-01 13:21:35,GLOBAL QRS Dur,3022022,QRS duration,106,9593,millisecond
037,03700129,1970-01-01 13:21:35,GLOBAL QRS DUR,3022022,QRS duration,160,9593,millisecond
037,03700129,1970-01-01 13:21:35,GLOBAL PR INT,3007794,P-R Interval,106,9593,millisecond
037,03700129,1970-01-01 13:21:35,GLOBAL QT,3025809,Q-T interval,370,9593,millisecond
037,03700130,1970-01-01 13:31:36,GLOBAL QTc,3026258,Q-T interval corrected,472,9593,millisecond
037,03700130,1970-01-01 13:31:36,GLOBAL HEART RATE,3027018,Heart rate,123,4118124,beats/min
037,03700130,1970-01-01 13:31:36,MCL1 STJ60,21490662,ST amplitude.lead MCL1,-142,9461,bel microvolt
037,03700130,1970-01-01 13:31:36,GLOBAL QRS Dur,3022022,QRS duration,106,9593,millisecond
037,03700130,1970-01-01 13:31:36,GLOBAL QRS DUR,3022022,QRS duration,160,9593,millisecond
037,03700130,1970-01-01 13:31:36,GLOBAL PR INT,3007794,P-R Interval,106,9593,millisecond
037,03700130,1970-01-01 13:31:36,GLOBAL QT,3025809,Q-T interval,370,9593,millisecond
037,03700131,1970-01-01 13:41:37,GLOBAL QTc,3026258,Q-T interval corrected,472,9593,millisecond
037,03700131,1970-01-01 13:41:37,GLOBAL HEART RATE,3027018,Heart rate,123,4118124,beats/min
037,03700131,1970-01-01 13:41:37,MCL1 STJ60,21490662,ST amplitude.lead MCL1,-148,9461,bel microvolt
037,03700131,1970-01-01 13:41:37,GLOBAL QRS Dur,3022022,QRS duration,106,9593,millisecond
037,03700131,1970-01-01 13:41:37,GLOBAL QRS DUR,3022022,QRS duration,160,9593,millisecond
037,03700131,1970-01-01 13:41:37,GLOBAL PR INT,3007794,P-R Interval,106,9593,millisecond
037,03700131,1970-01-01 13:41:37,GLOBAL QT,3025809,Q-T interval,370,9593,millisecond
037,03700132,1970-01-01 13:51:37,GLOBAL QTc,3026258,Q-T interval corrected,472,9593,millisecond
037,03700132,1970-01-01 13:51:37,GLOBAL HEART RATE,3027018,Heart rate,123,4118124,beats/min
037,03700132,1970-01-01 13:51:37,MCL1 STJ60,21490662,ST amplitude.lead MCL1,-167,9461,bel microvolt
037,03700132,1970-01-01 13:51:37,GLOBAL QRS Dur,3022022,QRS duration,106,9593,millisecond
037,03700132,1970-01-01 13:51:37,GLOBAL QRS DUR,3022022,QRS duration,160,9593,millisecond
037,03700132,1970-01-01 13:51:37,GLOBAL PR INT,3007794,P-R Interval,106,9593,millisecond
037,03700132,1970-01-01 13:51:37,GLOBAL QT,3025809,Q-T interval,370,9593,millisecond
037,03700133,1970-01-01 14:01:38,GLOBAL QTc,3026258,Q-T interval corrected,472,9593,millisecond
037,03700133,1970-01-01 14:01:38,GLOBAL HEART RATE,3027018,Heart rate,123,4118124,beats/min
037,03700133,1970-01-01 14:01:38,MCL1 STJ60,21490662,ST amplitude.lead MCL1,-158,9461,bel microvolt
037,03700133,1970-01-01 14:01:38,GLOBAL QRS Dur,3022022,QRS duration,106,9593,millisecond
037,03700133,1970-01-01 14:01:38,GLOBAL QRS DUR,3022022,QRS duration,160,9593,millisecond
037,03700133,1970-01-01 14:01:38,GLOBAL PR INT,3007794,P-R Interval,106,9593,millisecond
037,03700133,1970-01-01 14:01:38,GLOBAL QT,3025809,Q-T interval,370,9593,millisecond
037,03700134,1970-01-01 14:11:39,GLOBAL QTc,3026258,Q-T interval corrected,426,9593,millisecond
037,03700134,1970-01-01 14:11:39,GLOBAL HEART RATE,3027018,Heart rate,138,4118124,beats/min
037,03700134,1970-01-01 14:11:39,MCL1 STJ60,21490662,ST amplitude.lead MCL1,-92,9461,bel microvolt
037,03700134,1970-01-01 14:11:39,GLOBAL QRS Dur,3022022,QRS duration,124,9593,millisecond
037,03700134,1970-01-01 14:11:39,GLOBAL QRS DUR,3022022,QRS duration,126,9593,millisecond
037,03700134,1970-01-01 14:11:39,GLOBAL PR INT,3007794,P-R Interval,106,9593,millisecond
037,03700134,1970-01-01 14:11:39,GLOBAL QT,3025809,Q-T interval,322,9593,millisecond
037,03700135,1970-01-01 14:21:40,GLOBAL QTc,3026258,Q-T interval corrected,472,9593,millisecond
037,03700135,1970-01-01 14:21:40,GLOBAL HEART RATE,3027018,Heart rate,123,4118124,beats/min
037,03700135,1970-01-01 14:21:40,MCL1 STJ60,21490662,ST amplitude.lead MCL1,-148,9461,bel microvolt
037,03700135,1970-01-01 14:21:40,GLOBAL QRS Dur,3022022,QRS duration,106,9593,millisecond
037,03700135,1970-01-01 14:21:40,GLOBAL QRS DUR,3022022,QRS duration,160,9593,millisecond
037,03700135,1970-01-01 14:21:40,GLOBAL PR INT,3007794,P-R Interval,106,9593,millisecond
037,03700135,1970-01-01 14:21:40,GLOBAL QT,3025809,Q-T interval,370,9593,millisecond
037,03700136,1970-01-01 14:31:40,GLOBAL QTc,3026258,Q-T interval corrected,396,9593,millisecond
037,03700136,1970-01-01 14:31:40,GLOBAL HEART RATE,3027018,Heart rate,73,4118124,beats/min
037,03700136,1970-01-01 14:31:40,MCL1 STJ60,21490662,ST amplitude.lead MCL1,-128,9461,bel microvolt
037,03700136,1970-01-01 14:31:40,GLOBAL QRS Dur,3022022,QRS duration,142,9593,millisecond
037,03700136,1970-01-01 14:31:40,GLOBAL QRS DUR,3022022,QRS duration,150,9593,millisecond
037,03700136,1970-01-01 14:31:40,GLOBAL PR INT,3007794,P-R Interval,74,9593,millisecond
037,03700136,1970-01-01 14:31:40,GLOBAL QT,3025809,Q-T interval,370,9593,millisecond
037,03700137,1970-01-01 14:41:41,GLOBAL QTc,3026258,Q-T interval corrected,396,9593,millisecond
037,03700137,1970-01-01 14:41:41,GLOBAL HEART RATE,3027018,Heart rate,73,4118124,beats/min
037,03700137,1970-01-01 14:41:41,MCL1 STJ60,21490662,ST amplitude.lead MCL1,-171,9461,bel microvolt
037,03700137,1970-01-01 14:41:41,GLOBAL QRS Dur,3022022,QRS duration,142,9593,millisecond
037,03700137,1970-01-01 14:41:41,GLOBAL QRS DUR,3022022,QRS duration,150,9593,millisecond
037,03700137,1970-01-01 14:41:41,GLOBAL PR INT,3007794,P-R Interval,74,9593,millisecond
037,03700137,1970-01-01 14:41:41,GLOBAL QT,3025809,Q-T interval,370,9593,millisecond
037,03700138,1970-01-01 14:51:42,GLOBAL QTc,3026258,Q-T interval corrected,248,9593,millisecond
037,03700138,1970-01-01 14:51:42,GLOBAL HEART RATE,3027018,Heart rate,7,4118124,beats/min
037,03700138,1970-01-01 14:51:42,MCL1 STJ60,21490662,ST amplitude.lead MCL1,62,9461,bel microvolt
037,03700138,1970-01-01 14:51:42,GLOBAL QRS Dur,3022022,QRS duration,116,9593,millisecond
037,03700138,1970-01-01 14:51:42,GLOBAL PR INT,3007794,P-R Interval,200,9593,millisecond
037,03700138,1970-01-01 14:51:42,GLOBAL QT,3025809,Q-T interval,500,9593,millisecond
037,03700139,1970-01-01 15:01:43,GLOBAL QTc,3026258,Q-T interval corrected,262,9593,millisecond
037,03700139,1970-01-01 15:01:43,GLOBAL HEART RATE,3027018,Heart rate,8,4118124,beats/min
037,03700139,1970-01-01 15:01:43,MCL1 STJ60,21490662,ST amplitude.lead MCL1,64,9461,bel microvolt
037,03700139,1970-01-01 15:01:43,GLOBAL QRS Dur,3022022,QRS duration,118,9593,millisecond
037,03700139,1970-01-01 15:01:43,GLOBAL PR INT,3007794,P-R Interval,200,9593,millisecond
037,03700139,1970-01-01 15:01:43,GLOBAL QT,3025809,Q-T interval,500,9593,millisecond
037,03700140,1970-01-01 15:11:43,GLOBAL QTc,3026258,Q-T interval corrected,256,9593,millisecond
037,03700140,1970-01-01 15:11:43,GLOBAL HEART RATE,3027018,Heart rate,8,4118124,beats/min
037,03700140,1970-01-01 15:11:43,MCL1 STJ60,21490662,ST amplitude.lead MCL1,66,9461,bel microvolt
037,03700140,1970-01-01 15:11:43,GLOBAL QRS Dur,3022022,QRS duration,120,9593,millisecond
037,03700140,1970-01-01 15:11:43,GLOBAL PR INT,3007794,P-R Interval,200,9593,millisecond
037,03700140,1970-01-01 15:11:43,GLOBAL QT,3025809,Q-T interval,500,9593,millisecond
037,03700141,1970-01-01 15:21:44,GLOBAL QTc,3026258,Q-T interval corrected,172,9593,millisecond
037,03700141,1970-01-01 15:21:44,GLOBAL HEART RATE,3027018,Heart rate,2,4118124,beats/min
037,03700141,1970-01-01 15:21:44,MCL1 STJ60,21490662,ST amplitude.lead MCL1,61,9461,bel microvolt
037,03700141,1970-01-01 15:21:44,GLOBAL QRS Dur,3022022,QRS duration,122,9593,millisecond
037,03700141,1970-01-01 15:21:44,GLOBAL PR INT,3007794,P-R Interval,200,9593,millisecond
037,03700141,1970-01-01 15:21:44,GLOBAL QT,3025809,Q-T interval,500,9593,millisecond
037,03700142,1970-01-01 15:31:45,GLOBAL QTc,3026258,Q-T interval corrected,116,9593,millisecond
037,03700142,1970-01-01 15:31:45,GLOBAL HEART RATE,3027018,Heart rate,2,4118124,beats/min
037,03700142,1970-01-01 15:31:45,MCL1 STJ60,21490662,ST amplitude.lead MCL1,90,9461,bel microvolt
037,03700142,1970-01-01 15:31:45,GLOBAL QRS Dur,3022022,QRS duration,122,9593,millisecond
037,03700142,1970-01-01 15:31:45,GLOBAL QRS DUR,3022022,QRS duration,100,9593,millisecond
037,03700142,1970-01-01 15:31:45,GLOBAL PR INT,3007794,P-R Interval,100,9593,millisecond
037,03700142,1970-01-01 15:31:45,GLOBAL QT,3025809,Q-T interval,336,9593,millisecond
037,03700143,1970-01-01 15:41:46,GLOBAL QTc,3026258,Q-T interval corrected,288,9593,millisecond
037,03700143,1970-01-01 15:41:46,GLOBAL HEART RATE,3027018,Heart rate,11,4118124,beats/min
037,03700143,1970-01-01 15:41:46,MCL1 STJ60,21490662,ST amplitude.lead MCL1,-68,9461,bel microvolt
037,03700143,1970-01-01 15:41:46,GLOBAL QRS Dur,3022022,QRS duration,86,9593,millisecond
037,03700143,1970-01-01 15:41:46,GLOBAL PR INT,3007794,P-R Interval,200,9593,millisecond
037,03700143,1970-01-01 15:41:46,GLOBAL QT,3025809,Q-T interval,500,9593,millisecond
037,03700144,1970-01-01 15:51:46,GLOBAL QTc,3026258,Q-T interval corrected,206,9593,millisecond
037,03700144,1970-01-01 15:51:46,GLOBAL HEART RATE,3027018,Heart rate,11,4118124,beats/min
037,03700144,1970-01-01 15:51:46,MCL1 STJ60,21490662,ST amplitude.lead MCL1,-64,9461,bel microvolt
037,03700144,1970-01-01 15:51:46,GLOBAL QRS Dur,3022022,QRS duration,86,9593,millisecond
037,03700144,1970-01-01 15:51:46,GLOBAL QRS DUR,3022022,QRS duration,152,9593,millisecond
037,03700144,1970-01-01 15:51:46,GLOBAL PR INT,3007794,P-R Interval,98,9593,millisecond
037,03700144,1970-01-01 15:51:46,GLOBAL QT,3025809,Q-T interval,356,9593,millisecond
037,03700145,1970-01-01 16:01:47,GLOBAL QTc,3026258,Q-T interval corrected,188,9593,millisecond
037,03700145,1970-01-01 16:01:47,GLOBAL HEART RATE,3027018,Heart rate,3,4118124,beats/min
037,03700145,1970-01-01 16:01:47,MCL1 STJ60,21490662,ST amplitude.lead MCL1,-45,9461,bel microvolt
037,03700145,1970-01-01 16:01:47,GLOBAL QRS Dur,3022022,QRS duration,98,9593,millisecond
037,03700145,1970-01-01 16:01:47,GLOBAL PR INT,3007794,P-R Interval,200,9593,millisecond
037,03700145,1970-01-01 16:01:47,GLOBAL QT,3025809,Q-T interval,500,9593,millisecond
037,03700146,1970-01-01 16:11:48,GLOBAL QTc,3026258,Q-T interval corrected,360,9593,millisecond
037,03700146,1970-01-01 16:11:48,GLOBAL HEART RATE,3027018,Heart rate,22,4118124,beats/min
037,03700146,1970-01-01 16:11:48,MCL1 STJ60,21490662,ST amplitude.lead MCL1,92,9461,bel microvolt
037,03700146,1970-01-01 16:11:48,GLOBAL QRS Dur,3022022,QRS duration,86,9593,millisecond
037,03700146,1970-01-01 16:11:48,GLOBAL PR INT,3007794,P-R Interval,-10,9593,millisecond
037,03700146,1970-01-01 16:11:48,GLOBAL QT,3025809,Q-T interval,500,9593,millisecond
037,03700148,1970-01-01 16:31:49,GLOBAL QTc,3026258,Q-T interval corrected,396,9593,millisecond
037,03700148,1970-01-01 16:31:49,GLOBAL HEART RATE,3027018,Heart rate,73,4118124,beats/min
037,03700148,1970-01-01 16:31:49,MCL1 STJ60,21490662,ST amplitude.lead MCL1,175,9461,bel microvolt
037,03700148,1970-01-01 16:31:49,GLOBAL QRS Dur,3022022,QRS duration,142,9593,millisecond
037,03700148,1970-01-01 16:31:49,GLOBAL QRS DUR,3022022,QRS duration,150,9593,millisecond
037,03700148,1970-01-01 16:31:49,GLOBAL PR INT,3007794,P-R Interval,74,9593,millisecond
037,03700148,1970-01-01 16:31:49,GLOBAL QT,3025809,Q-T interval,370,9593,millisecond
037,03700149,1970-01-01 16:41:50,GLOBAL QTc,3026258,Q-T interval corrected,116,9593,millisecond
037,03700149,1970-01-01 16:41:50,GLOBAL HEART RATE,3027018,Heart rate,2,4118124,beats/min
037,03700149,1970-01-01 16:41:50,MCL1 STJ60,21490662,ST amplitude.lead MCL1,76,9461,bel microvolt
037,03700149,1970-01-01 16:41:50,GLOBAL QRS Dur,3022022,QRS duration,122,9593,millisecond
037,03700149,1970-01-01 16:41:50,GLOBAL QRS DUR,3022022,QRS duration,100,9593,millisecond
037,03700149,1970-01-01 16:41:50,GLOBAL PR INT,3007794,P-R Interval,100,9593,millisecond
037,03700149,1970-01-01 16:41:50,GLOBAL QT,3025809,Q-T interval,336,9593,millisecond
037,03700152,1970-01-01 17:11:52,GLOBAL QTc,3026258,Q-T interval corrected,334,9593,millisecond
037,03700152,1970-01-01 17:11:52,GLOBAL HEART RATE,3027018,Heart rate,17,4118124,beats/min
037,03700152,1970-01-01 17:11:52,MCL1 STJ60,21490662,ST amplitude.lead MCL1,96,9461,bel microvolt
037,03700152,1970-01-01 17:11:52,GLOBAL QRS Dur,3022022,QRS duration,152,9593,millisecond
037,03700152,1970-01-01 17:11:52,GLOBAL PR INT,3007794,P-R Interval,200,9593,millisecond
037,03700152,1970-01-01 17:11:52,GLOBAL QT,3025809,Q-T interval,500,9593,millisecond
037,03700154,1970-01-01 17:31:54,GLOBAL QTc,3026258,Q-T interval corrected,162,9593,millisecond
037,03700154,1970-01-01 17:31:54,GLOBAL HEART RATE,3027018,Heart rate,2,4118124,beats/min
037,03700154,1970-01-01 17:31:54,MCL1 STJ60,21490662,ST amplitude.lead MCL1,36,9461,bel microvolt
037,03700154,1970-01-01 17:31:54,GLOBAL QRS Dur,3022022,QRS duration,92,9593,millisecond
037,03700154,1970-01-01 17:31:54,GLOBAL PR INT,3007794,P-R Interval,200,9593,millisecond
037,03700154,1970-01-01 17:31:54,GLOBAL QT,3025809,Q-T interval,500,9593,millisecond
037,03700155,1970-01-01 17:41:55,GLOBAL QTc,3026258,Q-T interval corrected,116,9593,millisecond
037,03700155,1970-01-01 17:41:55,GLOBAL HEART RATE,3027018,Heart rate,2,4118124,beats/min
037,03700155,1970-01-01 17:41:55,MCL1 STJ60,21490662,ST amplitude.lead MCL1,54,9461,bel microvolt
037,03700155,1970-01-01 17:41:55,GLOBAL QRS Dur,3022022,QRS duration,122,9593,millisecond
037,03700155,1970-01-01 17:41:55,GLOBAL QRS DUR,3022022,QRS duration,100,9593,millisecond
037,03700155,1970-01-01 17:41:55,GLOBAL PR INT,3007794,P-R Interval,100,9593,millisecond
037,03700155,1970-01-01 17:41:55,GLOBAL QT,3025809,Q-T interval,336,9593,millisecond
037,03700158,1970-01-01 18:11:57,GLOBAL QTc,3026258,Q-T interval corrected,458,9593,millisecond
037,03700158,1970-01-01 18:11:57,GLOBAL HEART RATE,3027018,Heart rate,45,4118124,beats/min
037,03700158,1970-01-01 18:11:57,MCL1 STJ60,21490662,ST amplitude.lead MCL1,33,9461,bel microvolt
037,03700158,1970-01-01 18:11:57,GLOBAL QRS Dur,3022022,QRS duration,102,9593,millisecond
037,03700158,1970-01-01 18:11:57,GLOBAL PR INT,3007794,P-R Interval,200,9593,millisecond
037,03700158,1970-01-01 18:11:57,GLOBAL QT,3025809,Q-T interval,502,9593,millisecond
037,03700159,1970-01-01 18:21:58,GLOBAL QTc,3026258,Q-T interval corrected,442,9593,millisecond
037,03700159,1970-01-01 18:21:58,GLOBAL HEART RATE,3027018,Heart rate,70,4118124,beats/min
037,03700159,1970-01-01 18:21:58,MCL1 STJ60,21490662,ST amplitude.lead MCL1,40,9461,bel microvolt
037,03700159,1970-01-01 18:21:58,GLOBAL QRS Dur,3022022,QRS duration,62,9593,millisecond
037,03700159,1970-01-01 18:21:58,GLOBAL PR INT,3007794,P-R Interval,200,9593,millisecond
037,03700159,1970-01-01 18:21:58,GLOBAL QT,3025809,Q-T interval,418,9593,millisecond
037,03700161,1970-01-01 18:41:59,GLOBAL QTc,3026258,Q-T interval corrected,112,9593,millisecond
037,03700161,1970-01-01 18:41:59,GLOBAL HEART RATE,3027018,Heart rate,2,4118124,beats/min
037,03700161,1970-01-01 18:41:59,MCL1 STJ60,21490662,ST amplitude.lead MCL1,42,9461,bel microvolt
037,03700161,1970-01-01 18:41:59,GLOBAL QRS Dur,3022022,QRS duration,92,9593,millisecond
037,03700161,1970-01-01 18:41:59,GLOBAL QRS DUR,3022022,QRS duration,110,9593,millisecond
037,03700161,1970-01-01 18:41:59,GLOBAL PR INT,3007794,P-R Interval,130,9593,millisecond
037,03700161,1970-01-01 18:41:59,GLOBAL QT,3025809,Q-T interval,346,9593,millisecond
037,03700162,1970-01-01 18:52:00,GLOBAL QTc,3026258,Q-T interval corrected,112,9593,millisecond
037,03700162,1970-01-01 18:52:00,GLOBAL HEART RATE,3027018,Heart rate,2,4118124,beats/min
037,03700162,1970-01-01 18:52:00,MCL1 STJ60,21490662,ST amplitude.lead MCL1,41,9461,bel microvolt
037,03700162,1970-01-01 18:52:00,GLOBAL QRS Dur,3022022,QRS duration,92,9593,millisecond
037,03700162,1970-01-01 18:52:00,GLOBAL QRS DUR,3022022,QRS duration,110,9593,millisecond
037,03700162,1970-01-01 18:52:00,GLOBAL PR INT,3007794,P-R Interval,130,9593,millisecond
037,03700162,1970-01-01 18:52:00,GLOBAL QT,3025809,Q-T interval,346,9593,millisecond
037,03700163,1970-01-01 19:02:01,GLOBAL QTc,3026258,Q-T interval corrected,112,9593,millisecond
037,03700163,1970-01-01 19:02:01,GLOBAL HEART RATE,3027018,Heart rate,2,4118124,beats/min
037,03700163,1970-01-01 19:02:01,MCL1 STJ60,21490662,ST amplitude.lead MCL1,42,9461,bel microvolt
037,03700163,1970-01-01 19:02:01,GLOBAL QRS Dur,3022022,QRS duration,92,9593,millisecond
037,03700163,1970-01-01 19:02:01,GLOBAL QRS DUR,3022022,QRS duration,110,9593,millisecond
037,03700163,1970-01-01 19:02:01,GLOBAL PR INT,3007794,P-R Interval,130,9593,millisecond
037,03700163,1970-01-01 19:02:01,GLOBAL QT,3025809,Q-T interval,346,9593,millisecond
037,03700164,1970-01-01 19:12:01,GLOBAL QTc,3026258,Q-T interval corrected,112,9593,millisecond
037,03700164,1970-01-01 19:12:01,GLOBAL HEART RATE,3027018,Heart rate,2,4118124,beats/min
037,03700164,1970-01-01 19:12:01,MCL1 STJ60,21490662,ST amplitude.lead MCL1,41,9461,bel microvolt
037,03700164,1970-01-01 19:12:01,GLOBAL QRS Dur,3022022,QRS duration,92,9593,millisecond
037,03700164,1970-01-01 19:12:01,GLOBAL QRS DUR,3022022,QRS duration,110,9593,millisecond
037,03700164,1970-01-01 19:12:01,GLOBAL PR INT,3007794,P-R Interval,130,9593,millisecond
037,03700164,1970-01-01 19:12:01,GLOBAL QT,3025809,Q-T interval,346,9593,millisecond
037,03700180,1970-01-01 21:52:13,GLOBAL QTc,3026258,Q-T interval corrected,246,9593,millisecond
037,03700180,1970-01-01 21:52:13,GLOBAL HEART RATE,3027018,Heart rate,17,4118124,beats/min
037,03700180,1970-01-01 21:52:13,MCL1 STJ60,21490662,ST amplitude.lead MCL1,77,9461,bel microvolt
037,03700180,1970-01-01 21:52:13,GLOBAL QRS Dur,3022022,QRS duration,152,9593,millisecond
037,03700180,1970-01-01 21:52:13,GLOBAL QRS DUR,3022022,QRS duration,134,9593,millisecond
037,03700180,1970-01-01 21:52:13,GLOBAL PR INT,3007794,P-R Interval,106,9593,millisecond
037,03700180,1970-01-01 21:52:13,GLOBAL QT,3025809,Q-T interval,370,9593,millisecond
037,03700181,1970-01-01 22:02:14,GLOBAL QTc,3026258,Q-T interval corrected,246,9593,millisecond
037,03700181,1970-01-01 22:02:14,GLOBAL HEART RATE,3027018,Heart rate,17,4118124,beats/min
037,03700181,1970-01-01 22:02:14,MCL1 STJ60,21490662,ST amplitude.lead MCL1,66,9461,bel microvolt
037,03700181,1970-01-01 22:02:14,GLOBAL QRS Dur,3022022,QRS duration,152,9593,millisecond
037,03700181,1970-01-01 22:02:14,GLOBAL QRS DUR,3022022,QRS duration,134,9593,millisecond
037,03700181,1970-01-01 22:02:14,GLOBAL PR INT,3007794,P-R Interval,106,9593,millisecond
037,03700181,1970-01-01 22:02:14,GLOBAL QT,3025809,Q-T interval,370,9593,millisecond
037,03700182,1970-01-01 22:12:15,GLOBAL QTc,3026258,Q-T interval corrected,268,9593,millisecond
037,03700182,1970-01-01 22:12:15,GLOBAL HEART RATE,3027018,Heart rate,22,4118124,beats/min
037,03700182,1970-01-01 22:12:15,MCL1 STJ60,21490662,ST amplitude.lead MCL1,136,9461,bel microvolt
037,03700182,1970-01-01 22:12:15,GLOBAL QRS Dur,3022022,QRS duration,86,9593,millisecond
037,03700182,1970-01-01 22:12:15,GLOBAL QRS DUR,3022022,QRS duration,126,9593,millisecond
037,03700182,1970-01-01 22:12:15,GLOBAL PR INT,3007794,P-R Interval,130,9593,millisecond
037,03700182,1970-01-01 22:12:15,GLOBAL QT,3025809,Q-T interval,372,9593,millisecond
037,03700183,1970-01-01 22:22:16,GLOBAL QTc,3026258,Q-T interval corrected,284,9593,millisecond
037,03700183,1970-01-01 22:22:16,GLOBAL HEART RATE,3027018,Heart rate,11,4118124,beats/min
037,03700183,1970-01-01 22:22:16,MCL1 STJ60,21490662,ST amplitude.lead MCL1,97,9461,bel microvolt
037,03700183,1970-01-01 22:22:16,GLOBAL QRS Dur,3022022,QRS duration,152,9593,millisecond
037,03700183,1970-01-01 22:22:16,GLOBAL PR INT,3007794,P-R Interval,200,9593,millisecond
037,03700183,1970-01-01 22:22:16,GLOBAL QT,3025809,Q-T interval,500,9593,millisecond
037,03700184,1970-01-01 22:32:16,GLOBAL QTc,3026258,Q-T interval corrected,210,9593,millisecond
037,03700184,1970-01-01 22:32:16,GLOBAL HEART RATE,3027018,Heart rate,11,4118124,beats/min
037,03700184,1970-01-01 22:32:16,MCL1 STJ60,21490662,ST amplitude.lead MCL1,100,9461,bel microvolt
037,03700184,1970-01-01 22:32:16,GLOBAL QRS Dur,3022022,QRS duration,152,9593,millisecond
037,03700184,1970-01-01 22:32:16,GLOBAL QRS DUR,3022022,QRS duration,148,9593,millisecond
037,03700184,1970-01-01 22:32:16,GLOBAL PR INT,3007794,P-R Interval,118,9593,millisecond
037,03700184,1970-01-01 22:32:16,GLOBAL QT,3025809,Q-T interval,368,9593,millisecond
037,03700185,1970-01-01 22:42:17,GLOBAL QTc,3026258,Q-T interval corrected,210,9593,millisecond
037,03700185,1970-01-01 22:42:17,GLOBAL HEART RATE,3027018,Heart rate,11,4118124,beats/min
037,03700185,1970-01-01 22:42:17,MCL1 STJ60,21490662,ST amplitude.lead MCL1,90,9461,bel microvolt
037,03700185,1970-01-01 22:42:17,GLOBAL QRS Dur,3022022,QRS duration,152,9593,millisecond
037,03700185,1970-01-01 22:42:17,GLOBAL QRS DUR,3022022,QRS duration,148,9593,millisecond
037,03700185,1970-01-01 22:42:17,GLOBAL PR INT,3007794,P-R Interval,118,9593,millisecond
037,03700185,1970-01-01 22:42:17,GLOBAL QT,3025809,Q-T interval,368,9593,millisecond
037,03700186,1970-01-01 22:52:18,GLOBAL QTc,3026258,Q-T interval corrected,448,9593,millisecond
037,03700186,1970-01-01 22:52:18,GLOBAL HEART RATE,3027018,Heart rate,35,4118124,beats/min
037,03700186,1970-01-01 22:52:18,MCL1 STJ60,21490662,ST amplitude.lead MCL1,69,9461,bel microvolt
037,03700186,1970-01-01 22:52:18,GLOBAL QRS Dur,3022022,QRS duration,90,9593,millisecond
037,03700186,1970-01-01 22:52:18,GLOBAL PR INT,3007794,P-R Interval,200,9593,millisecond
037,03700186,1970-01-01 22:52:18,GLOBAL QT,3025809,Q-T interval,536,9593,millisecond
